# Made in Blockbench 4.12.6
mtllib inventory.mtl

o flywheel_ring4_1
v 0.7109662838873754 0.4599721483508365 0.4345860861240296
v 0.6885609543424126 0.4759712117158559 0.4068748955023022
v 0.7109662838873754 0.5107158243538309 0.4638829611240297
v 0.6885609543424126 0.5267148877188503 0.4361717705023023
v 0.8165534612625676 0.5207818708057816 0.32926055723790315
v 0.8389587908075303 0.5047828074407622 0.35697174785963054
v 0.8165534612625676 0.571525546808776 0.3585574322379032
v 0.8389587908075303 0.5555264834437565 0.3862686228596306
vt 0.5 0.125
vt 1 0.125
vt 1 0
vt 0.5 0
vt 0.875 0.125
vt 1 0.125
vt 1 0
vt 0.875 0
vt 0.5 0.125
vt 1 0.125
vt 1 0
vt 0.5 0
vt 0.875 0.125
vt 1 0.125
vt 1 0
vt 0.875 0
vt 0.5 0.25
vt 1 0.25
vt 1 0.125
vt 0.5 0.125
vt 0.5 0.25
vt 1 0.25
vt 1 0.125
vt 0.5 0.125
vn -0.5735764363510468 0.40957602214449707 -0.7094064799162212
vn -0.8191520442889914 -0.28678821817552447 0.4967317648921541
vn 0.5735764363510468 -0.40957602214449707 0.7094064799162212
vn 0.8191520442889914 0.28678821817552447 -0.4967317648921541
vn 0 -0.8660254037844379 -0.5000000000000017
vn 0 0.8660254037844379 0.5000000000000017
usemtl m_386ca4f1-58b6-72ad-bfad-1068213d77f8
f 4/4/1 7/3/1 5/2/1 2/1/1
f 3/8/2 4/7/2 2/6/2 1/5/2
f 8/12/3 3/11/3 1/10/3 6/9/3
f 7/16/4 8/15/4 6/14/4 5/13/4
f 6/20/5 1/19/5 2/18/5 5/17/5
f 7/24/6 4/23/6 3/22/6 8/21/6
o flywheel_spoke4_1
v 0.7835047754259254 0.6218319234519312 0.45892423194726223
v 0.7700615776989478 0.6314313614709428 0.4422975175742258
v 0.7835047754259254 0.5406420418471402 0.41204923194726206
v 0.7700615776989478 0.5502414798661518 0.39542251757422564
v 0.7444630763149168 0.6224692296529577 0.4578203852271056
v 0.7579062740418945 0.6128697916339461 0.47444709960014203
v 0.7444630763149168 0.5412793480481666 0.41094538522710544
v 0.7579062740418945 0.5316799100291549 0.42757209960014186
vt 0.8515625 0.25
vt 0.8515625 0.296875
vt 1 0.296875
vt 1 0.25
vt 0.8515625 0.25
vt 0.8515625 0.296875
vt 1 0.296875
vt 1 0.25
vt 0.8515625 0.25
vt 0.8515625 0.296875
vt 1 0.296875
vt 1 0.25
vt 0.8515625 0.25
vt 0.8515625 0.296875
vt 1 0.296875
vt 1 0.25
vt 0 1
vt 0.003125 1
vt 0.003125 0.99609375
vt 0 0.99609375
vt 0 1
vt 0.003125 1
vt 0.003125 0.99609375
vt 0 0.99609375
vn -0.5735764363510468 0.4095760221444971 -0.7094064799162214
vn 0.8191520442889914 0.28678821817552436 -0.49673176489215415
vn 0.5735764363510468 -0.4095760221444971 0.7094064799162214
vn -0.8191520442889914 -0.28678821817552436 0.49673176489215415
vn 8.32667268468867e-17 0.8660254037844378 0.5000000000000014
vn -8.32667268468867e-17 -0.8660254037844378 -0.5000000000000014
usemtl m_386ca4f1-58b6-72ad-bfad-1068213d77f8
f 12/28/7 15/27/7 13/26/7 10/25/7
f 11/32/8 12/31/8 10/30/8 9/29/8
f 16/36/9 11/35/9 9/34/9 14/33/9
f 15/40/10 16/39/10 14/38/10 13/37/10
usemtl none
f 14/44/11 9/43/11 10/42/11 13/41/11
f 15/48/12 12/47/12 11/46/12 16/45/12
o flywheel_ring3_1
v 0.8378386346382254 0.50558284753381 0.35558614932731536
v 0.817673838047759 0.5199820045623276 0.3306460777677607
v 0.80389949604411 0.5295818245958885 0.3968827776464138
v 0.7837346994536435 0.543980981624406 0.3719427060868591
v 0.9081782076320666 0.6473511185517203 0.3310071701438968
v 0.928343004222533 0.6329519615232029 0.3559472417034515
v 0.8742390690379511 0.6713500956137989 0.3723037984629952
v 0.8944038656284177 0.6569509385852814 0.39724387002254985
vt 0.5 0.125
vt 1 0.125
vt 1 0
vt 0.5 0
vt 0.875 0.125
vt 1 0.125
vt 1 0
vt 0.875 0
vt 0.5 0.125
vt 1 0.125
vt 1 0
vt 0.5 0
vt 0.875 0.125
vt 1 0.125
vt 1 0
vt 0.875 0
vt 0.5 0.25
vt 1 0.25
vt 1 0.125
vt 0.5 0.125
vt 0.5 0.25
vt 1 0.25
vt 1 0.125
vt 0.5 0.125
vn -0.5735764363510468 0.409576022144497 -0.7094064799162215
vn -0.5792279653395688 -0.8151623295321143 -0.0023109912072709613
vn 0.5735764363510468 -0.409576022144497 0.7094064799162215
vn 0.5792279653395688 0.8151623295321143 0.0023109912072709613
vn 0.5792279653395689 -0.40958254185947346 -0.704795789979279
vn -0.5792279653395689 0.40958254185947346 0.704795789979279
usemtl m_386ca4f1-58b6-72ad-bfad-1068213d77f8
f 20/52/13 23/51/13 21/50/13 18/49/13
f 19/56/14 20/55/14 18/54/14 17/53/14
f 24/60/15 19/59/15 17/58/15 22/57/15
f 23/64/16 24/63/16 22/62/16 21/61/16
f 22/68/17 17/67/17 18/66/17 21/65/17
f 23/72/18 20/71/18 19/70/18 24/69/18
o flywheel_spoke3_1
v 0.8007627499078152 0.6466415251599528 0.45929447169561105
v 0.7873195521808375 0.6562409631789644 0.44266775732257463
v 0.8550653716583998 0.6082431618606271 0.3932198663850537
v 0.8416221739314221 0.6178425998796387 0.3765931520120172
v 0.7692186782639759 0.6307671403810858 0.4425955388473474
v 0.7826618759909536 0.6211677023620742 0.45922225322038385
v 0.8235213000145606 0.5923687770817602 0.37652093353679
v 0.8369644977415382 0.5827693390627485 0.3931476479098265
vt 0.8515625 0.25
vt 0.8515625 0.296875
vt 1 0.296875
vt 1 0.25
vt 0.8515625 0.25
vt 0.8515625 0.296875
vt 1 0.296875
vt 1 0.25
vt 0.8515625 0.25
vt 0.8515625 0.296875
vt 1 0.296875
vt 1 0.25
vt 0.8515625 0.25
vt 0.8515625 0.296875
vt 1 0.296875
vt 1 0.25
vt 0 1
vt 0.003125 1
vt 0.003125 0.99609375
vt 0 0.99609375
vt 0 1
vt 0.003125 1
vt 0.003125 0.99609375
vt 0 0.99609375
vn -0.5735764363510468 0.409576022144497 -0.7094064799162214
vn 0.5792279653395688 0.8151623295321143 0.0023109912072709344
vn 0.5735764363510468 -0.409576022144497 0.7094064799162214
vn -0.5792279653395688 -0.8151623295321143 -0.0023109912072709344
vn -0.5792279653395689 0.4095825418594736 0.704795789979279
vn 0.5792279653395689 -0.4095825418594736 -0.704795789979279
usemtl m_386ca4f1-58b6-72ad-bfad-1068213d77f8
f 28/76/19 31/75/19 29/74/19 26/73/19
f 27/80/20 28/79/20 26/78/20 25/77/20
f 32/84/21 27/83/21 25/82/21 30/81/21
f 31/88/22 32/87/22 30/86/22 29/85/22
usemtl none
f 30/92/23 25/91/23 26/90/23 29/89/23
f 31/96/24 28/95/24 27/94/24 32/93/24
o flywheel_spoke2_1
v 0.8004136095301332 0.6726914520029895 0.47461669444782906
v 0.7869704118031555 0.6822908900220012 0.45798998007479264
v 0.8772091136822262 0.6995778474569448 0.4280480914891896
v 0.8637659159552485 0.7091772854759566 0.4114213771161532
v 0.7869704118031555 0.6552275961537375 0.4423649800747926
v 0.8004136095301332 0.6456281581347258 0.458991694447829
v 0.8637659159552485 0.6821139916076928 0.3957963771161531
v 0.8772091136822262 0.6725145535886812 0.41242309148918954
vt 0.8515625 0.25
vt 0.8515625 0.296875
vt 1 0.296875
vt 1 0.25
vt 0.8515625 0.25
vt 0.8515625 0.296875
vt 1 0.296875
vt 1 0.25
vt 0.8515625 0.25
vt 0.8515625 0.296875
vt 1 0.296875
vt 1 0.25
vt 0.8515625 0.25
vt 0.8515625 0.296875
vt 1 0.296875
vt 1 0.25
vt 0 1
vt 0.003125 1
vt 0.003125 0.99609375
vt 0 0.99609375
vt 0 1
vt 0.003125 1
vt 0.003125 0.99609375
vt 0 0.99609375
vn -0.5735764363510468 0.40957602214449707 -0.7094064799162212
vn 2.4980018054066017e-16 0.866025403784438 0.5000000000000014
vn 0.5735764363510468 -0.40957602214449707 0.7094064799162212
vn -2.4980018054066017e-16 -0.866025403784438 -0.5000000000000014
vn -0.8191520442889914 -0.28678821817552413 0.4967317648921543
vn 0.8191520442889914 0.28678821817552413 -0.4967317648921543
usemtl m_386ca4f1-58b6-72ad-bfad-1068213d77f8
f 36/100/25 39/99/25 37/98/25 34/97/25
f 35/104/26 36/103/26 34/102/26 33/101/26
f 40/108/27 35/107/27 33/106/27 38/105/27
f 39/112/28 40/111/28 38/110/28 37/109/28
usemtl none
f 38/116/29 33/115/29 34/114/29 37/113/29
f 39/120/30 36/119/30 35/118/30 40/117/30
o flywheel_ring2_1
v 0.9294633163908272 0.6321521409715223 0.35733284085816797
v 0.9070579868458646 0.6481512043365417 0.3296216502364405
v 0.8814661262957693 0.6153481438128002 0.3864382177073176
v 0.8590607967508065 0.6313472071778197 0.35872702708559023
v 0.9070579868458646 0.7834676736778601 0.40774665023644086
v 0.9294633163908272 0.7674686103128407 0.4354578408581682
v 0.8590607967508064 0.766663676519138 0.4368520270855905
v 0.8814661262957691 0.7506646131541186 0.4645632177073179
vt 0.5 0.125
vt 1 0.125
vt 1 0
vt 0.5 0
vt 0.875 0.125
vt 1 0.125
vt 1 0
vt 0.875 0
vt 0.5 0.125
vt 1 0.125
vt 1 0
vt 0.5 0
vt 0.875 0.125
vt 1 0.125
vt 1 0
vt 0.875 0
vt 0.5 0.25
vt 1 0.25
vt 1 0.125
vt 0.5 0.125
vt 0.5 0.25
vt 1 0.25
vt 1 0.125
vt 0.5 0.125
vn -0.5735764363510468 0.4095760221444971 -0.7094064799162213
vn 8.326672684688672e-17 -0.8660254037844377 -0.5000000000000017
vn 0.5735764363510468 -0.4095760221444971 0.7094064799162213
vn -8.326672684688672e-17 0.8660254037844377 0.5000000000000017
vn 0.8191520442889914 0.2867882181755246 -0.49673176489215415
vn -0.8191520442889914 -0.2867882181755246 0.49673176489215415
usemtl m_386ca4f1-58b6-72ad-bfad-1068213d77f8
f 44/124/31 47/123/31 45/122/31 42/121/31
f 43/128/32 44/127/32 42/126/32 41/125/32
f 48/132/33 43/131/33 41/130/33 46/129/33
f 47/136/34 48/135/34 46/134/34 45/133/34
f 46/140/35 41/139/35 42/138/35 45/137/35
f 47/144/36 44/143/36 43/142/36 48/141/36
o flywheel_ring1_1
v 0.9283430042225331 0.7682686641044472 0.4340723763645856
v 0.9081782076320666 0.7826678211329646 0.409132304805031
v 0.8944038656284177 0.7205052463584248 0.43393696672353466
v 0.8742390690379512 0.7349044033869423 0.40899689516397997
v 0.817673838047759 0.8466650932985074 0.5192566469892933
v 0.8378386346382254 0.8322659362699899 0.544196718548848
v 0.7837346994536436 0.798901675552485 0.5191212373482423
v 0.80389949604411 0.7845025185239676 0.544061308907797
vt 0.5 0.125
vt 1 0.125
vt 1 0
vt 0.5 0
vt 0.875 0.125
vt 1 0.125
vt 1 0
vt 0.875 0
vt 0.5 0.125
vt 1 0.125
vt 1 0
vt 0.5 0
vt 0.875 0.125
vt 1 0.125
vt 1 0
vt 0.875 0
vt 0.5 0.25
vt 1 0.25
vt 1 0.125
vt 0.5 0.125
vt 0.5 0.25
vt 1 0.25
vt 1 0.125
vt 0.5 0.125
vn -0.5735764363510468 0.40957602214449707 -0.7094064799162214
vn 0.5792279653395688 -0.40958254185947374 -0.7047957899792788
vn 0.5735764363510468 -0.40957602214449707 0.7094064799162214
vn -0.5792279653395688 0.40958254185947374 0.7047957899792788
vn 0.5792279653395689 0.8151623295321143 0.0023109912072708234
vn -0.5792279653395689 -0.8151623295321143 -0.0023109912072708234
usemtl m_386ca4f1-58b6-72ad-bfad-1068213d77f8
f 52/148/37 55/147/37 53/146/37 50/145/37
f 51/152/38 52/151/38 50/150/38 49/149/38
f 56/156/39 51/155/39 49/154/39 54/153/39
f 55/160/40 56/159/40 54/158/40 53/157/40
f 54/164/41 49/163/41 50/162/41 53/161/41
f 55/168/42 52/167/42 51/166/42 56/165/42
o flywheel_spoke1_1
v 0.7826618759909536 0.6847220101352174 0.4959153499213686
v 0.7692186782639759 0.694321448154229 0.4792886355483321
v 0.8369644977415382 0.7611434785288531 0.4961320053470502
v 0.8235213000145606 0.7707429165478648 0.4795052909740138
v 0.7873195521808375 0.6815219937211205 0.45726376711147965
v 0.8007627499078152 0.6719225557021089 0.4738904814845161
v 0.8416221739314221 0.7579434621147563 0.4574804225371613
v 0.8550653716583998 0.7483440240957446 0.47410713691019774
vt 0.8515625 0.25
vt 0.8515625 0.296875
vt 1 0.296875
vt 1 0.25
vt 0.8515625 0.25
vt 0.8515625 0.296875
vt 1 0.296875
vt 1 0.25
vt 0.8515625 0.25
vt 0.8515625 0.296875
vt 1 0.296875
vt 1 0.25
vt 0.8515625 0.25
vt 0.8515625 0.296875
vt 1 0.296875
vt 1 0.25
vt 0 1
vt 0.003125 1
vt 0.003125 0.99609375
vt 0 0.99609375
vt 0 1
vt 0.003125 1
vt 0.003125 0.99609375
vt 0 0.99609375
vn -0.5735764363510468 0.4095760221444971 -0.7094064799162214
vn -0.5792279653395688 0.4095825418594738 0.7047957899792788
vn 0.5735764363510468 -0.4095760221444971 0.7094064799162214
vn 0.5792279653395688 -0.4095825418594738 -0.7047957899792788
vn -0.579227965339569 -0.8151623295321143 -0.002310991207270768
vn 0.579227965339569 0.8151623295321143 0.002310991207270768
usemtl m_386ca4f1-58b6-72ad-bfad-1068213d77f8
f 60/172/43 63/171/43 61/170/43 58/169/43
f 59/176/44 60/175/44 58/174/44 57/173/44
f 64/180/45 59/179/45 57/178/45 62/177/45
f 63/184/46 64/183/46 62/182/46 61/181/46
usemtl none
f 62/188/47 57/187/47 58/186/47 61/185/47
f 63/192/48 60/191/48 59/190/48 64/189/48
o flywheel_spoke0_1
v 0.7579062740418945 0.6756858617656953 0.5107139746001421
v 0.7444630763149168 0.685285299784707 0.49408726022710564
v 0.7579062740418945 0.7568757433704864 0.5575889746001422
v 0.7444630763149168 0.766475181389498 0.5409622602271058
v 0.7700615776989478 0.6942474316026921 0.47856439257422584
v 0.7835047754259254 0.6846479935836804 0.49519110694726226
v 0.7700615776989478 0.7754373132074831 0.525439392574226
v 0.7835047754259254 0.7658378751884715 0.5420661069472624
vt 0.8515625 0.25
vt 0.8515625 0.296875
vt 1 0.296875
vt 1 0.25
vt 0.8515625 0.25
vt 0.8515625 0.296875
vt 1 0.296875
vt 1 0.25
vt 0.8515625 0.25
vt 0.8515625 0.296875
vt 1 0.296875
vt 1 0.25
vt 0.8515625 0.25
vt 0.8515625 0.296875
vt 1 0.296875
vt 1 0.25
vt 0 1
vt 0.003125 1
vt 0.003125 0.99609375
vt 0 0.99609375
vt 0 1
vt 0.003125 1
vt 0.003125 0.99609375
vt 0 0.99609375
vn -0.5735764363510468 0.40957602214449707 -0.7094064799162212
vn -0.8191520442889914 -0.28678821817552447 0.4967317648921541
vn 0.5735764363510468 -0.40957602214449707 0.7094064799162212
vn 0.8191520442889914 0.28678821817552447 -0.4967317648921541
vn 0 -0.8660254037844379 -0.5000000000000017
vn 0 0.8660254037844379 0.5000000000000017
usemtl m_386ca4f1-58b6-72ad-bfad-1068213d77f8
f 68/196/49 71/195/49 69/194/49 66/193/49
f 67/200/50 68/199/50 66/198/50 65/197/50
f 72/204/51 67/203/51 65/202/51 70/201/51
f 71/208/52 72/207/52 70/206/52 69/205/52
usemtl none
f 70/212/53 65/211/53 66/210/53 69/209/53
f 71/216/54 68/215/54 67/214/54 72/213/54
o flywheel_ring0_1
v 0.8389587908075304 0.8314659927880825 0.5455823728596312
v 0.8165534612625677 0.847465056153102 0.5178711822379037
v 0.8389587908075304 0.7807223167850882 0.5162854978596311
v 0.8165534612625677 0.7967213801501076 0.4885743072379036
v 0.6885609543424127 0.8026543970631763 0.5954855205023029
v 0.7109662838873755 0.7866553336981569 0.6231967111240302
v 0.6885609543424127 0.751910721060182 0.5661886455023027
v 0.7109662838873755 0.7359116576951625 0.5938998361240302
vt 0.5 0.125
vt 1 0.125
vt 1 0
vt 0.5 0
vt 0.875 0.125
vt 1 0.125
vt 1 0
vt 0.875 0
vt 0.5 0.125
vt 1 0.125
vt 1 0
vt 0.5 0
vt 0.875 0.125
vt 1 0.125
vt 1 0
vt 0.875 0
vt 0.5 0.25
vt 1 0.25
vt 1 0.125
vt 0.5 0.125
vt 0.5 0.25
vt 1 0.25
vt 1 0.125
vt 0.5 0.125
vn -0.5735764363510468 0.4095760221444971 -0.7094064799162214
vn 0.8191520442889914 0.28678821817552436 -0.49673176489215415
vn 0.5735764363510468 -0.4095760221444971 0.7094064799162214
vn -0.8191520442889914 -0.28678821817552436 0.49673176489215415
vn 8.32667268468867e-17 0.8660254037844378 0.5000000000000014
vn -8.32667268468867e-17 -0.8660254037844378 -0.5000000000000014
usemtl m_386ca4f1-58b6-72ad-bfad-1068213d77f8
f 76/220/55 79/219/55 77/218/55 74/217/55
f 75/224/56 76/223/56 74/222/56 73/221/56
f 80/228/57 75/227/57 73/226/57 78/225/57
f 79/232/58 80/231/58 78/230/58 77/229/58
f 78/236/59 73/235/59 74/234/59 77/233/59
f 79/240/60 76/239/60 75/238/60 80/237/60
o flywheel_spoke7_1
v 0.7406482995600048 0.6508762600576737 0.5103437348517933
v 0.7272051018330271 0.6604756980766854 0.4937170204787568
v 0.6863456778094201 0.6892746233569993 0.5764183401623507
v 0.6729024800824425 0.698874061376011 0.5597916257893143
v 0.7453059757498887 0.685949520874564 0.493789238953984
v 0.7587491734768663 0.6763500828555523 0.5104159533270205
v 0.691003353999304 0.7243478841738895 0.5598638442645414
v 0.7044465517262817 0.7147484461548779 0.5764905586375779
vt 0.8515625 0.25
vt 0.8515625 0.296875
vt 1 0.296875
vt 1 0.25
vt 0.8515625 0.25
vt 0.8515625 0.296875
vt 1 0.296875
vt 1 0.25
vt 0.8515625 0.25
vt 0.8515625 0.296875
vt 1 0.296875
vt 1 0.25
vt 0.8515625 0.25
vt 0.8515625 0.296875
vt 1 0.296875
vt 1 0.25
vt 0 1
vt 0.003125 1
vt 0.003125 0.99609375
vt 0 0.99609375
vt 0 1
vt 0.003125 1
vt 0.003125 0.99609375
vt 0 0.99609375
vn -0.5735764363510468 0.409576022144497 -0.7094064799162215
vn -0.5792279653395688 -0.8151623295321143 -0.0023109912072709613
vn 0.5735764363510468 -0.409576022144497 0.7094064799162215
vn 0.5792279653395688 0.8151623295321143 0.0023109912072709613
vn 0.5792279653395689 -0.40958254185947346 -0.704795789979279
vn -0.5792279653395689 0.40958254185947346 0.704795789979279
usemtl m_386ca4f1-58b6-72ad-bfad-1068213d77f8
f 84/244/61 87/243/61 85/242/61 82/241/61
f 83/248/62 84/247/62 82/246/62 81/245/62
f 88/252/63 83/251/63 81/250/63 86/249/63
f 87/256/64 88/255/64 86/254/64 85/253/64
usemtl none
f 86/260/65 81/259/65 82/258/65 85/257/65
f 87/264/66 84/263/66 83/262/66 88/261/66
o flywheel_ring7_1
v 0.7098459071021841 0.787455199941611 0.6218111905941726
v 0.6896811105117177 0.8018543569701284 0.596871119034618
v 0.7437850456962996 0.7634562228795324 0.5805145622750743
v 0.723620249105833 0.7778553799080499 0.5555744907155196
v 0.59917674092741 0.6744852429807356 0.5965100266584819
v 0.6193415375178766 0.6600860859522181 0.6214500982180365
v 0.6331158795215254 0.6504862659186571 0.5552133983393835
v 0.6532806761119919 0.6360871088901396 0.5801534698989381
vt 0.5 0.125
vt 1 0.125
vt 1 0
vt 0.5 0
vt 0.875 0.125
vt 1 0.125
vt 1 0
vt 0.875 0
vt 0.5 0.125
vt 1 0.125
vt 1 0
vt 0.5 0
vt 0.875 0.125
vt 1 0.125
vt 1 0
vt 0.875 0
vt 0.5 0.25
vt 1 0.25
vt 1 0.125
vt 0.5 0.125
vt 0.5 0.25
vt 1 0.25
vt 1 0.125
vt 0.5 0.125
vn -0.5735764363510468 0.409576022144497 -0.7094064799162214
vn 0.5792279653395688 0.8151623295321143 0.0023109912072709344
vn 0.5735764363510468 -0.409576022144497 0.7094064799162214
vn -0.5792279653395688 -0.8151623295321143 -0.0023109912072709344
vn -0.5792279653395689 0.4095825418594736 0.704795789979279
vn 0.5792279653395689 -0.4095825418594736 -0.704795789979279
usemtl m_386ca4f1-58b6-72ad-bfad-1068213d77f8
f 92/268/67 95/267/67 93/266/67 90/265/67
f 91/272/68 92/271/68 90/270/68 89/269/68
f 96/276/69 91/275/69 89/274/69 94/273/69
f 95/280/70 96/279/70 94/278/70 93/277/70
f 94/284/71 89/283/71 90/282/71 93/281/71
f 95/288/72 92/287/72 91/286/72 96/285/72
o flywheel_spoke6_1
v 0.7409974399376867 0.624826333214637 0.49502151209957523
v 0.7275542422107091 0.6344257712336486 0.4783947977265388
v 0.6642019357855937 0.5979399377606816 0.5415901150582146
v 0.6507587380586161 0.6075393757796932 0.5249634006851782
v 0.7275542422107091 0.6614890651019123 0.49401979772653887
v 0.7409974399376867 0.6518896270829007 0.5106465120995753
v 0.6507587380586161 0.6346026696479569 0.5405884006851783
v 0.6642019357855937 0.6250032316289452 0.5572151150582147
vt 0.8515625 0.25
vt 0.8515625 0.296875
vt 1 0.296875
vt 1 0.25
vt 0.8515625 0.25
vt 0.8515625 0.296875
vt 1 0.296875
vt 1 0.25
vt 0.8515625 0.25
vt 0.8515625 0.296875
vt 1 0.296875
vt 1 0.25
vt 0.8515625 0.25
vt 0.8515625 0.296875
vt 1 0.296875
vt 1 0.25
vt 0 1
vt 0.003125 1
vt 0.003125 0.99609375
vt 0 0.99609375
vt 0 1
vt 0.003125 1
vt 0.003125 0.99609375
vt 0 0.99609375
vn -0.5735764363510468 0.4095760221444971 -0.7094064799162213
vn 8.326672684688672e-17 -0.8660254037844377 -0.5000000000000017
vn 0.5735764363510468 -0.4095760221444971 0.7094064799162213
vn -8.326672684688672e-17 0.8660254037844377 0.5000000000000017
vn 0.8191520442889914 0.2867882181755246 -0.49673176489215415
vn -0.8191520442889914 -0.2867882181755246 0.49673176489215415
usemtl m_386ca4f1-58b6-72ad-bfad-1068213d77f8
f 100/292/73 103/291/73 101/290/73 98/289/73
f 99/296/74 100/295/74 98/294/74 97/293/74
f 104/300/75 99/299/75 97/298/75 102/297/75
f 103/304/76 104/303/76 102/302/76 101/301/76
usemtl none
f 102/308/77 97/307/77 98/306/77 101/305/77
f 103/312/78 100/311/78 99/310/78 104/309/78
o flywheel_ring6_1
v 0.6204617583040786 0.6592860001673968 0.6228356181254928
v 0.5980564287591158 0.6752850635324162 0.5951244275037655
v 0.6684589483991367 0.676089997326119 0.5937302412763432
v 0.6460536188541739 0.6920890606911383 0.5660190506546158
v 0.5980564287591157 0.5399685941910979 0.5169994275037653
v 0.6204617583040785 0.5239695308260784 0.5447106181254926
v 0.6460536188541738 0.5567725913498199 0.48789405065461555
v 0.6684589483991366 0.5407735279848005 0.515605241276343
vt 0.5 0.125
vt 1 0.125
vt 1 0
vt 0.5 0
vt 0.875 0.125
vt 1 0.125
vt 1 0
vt 0.875 0
vt 0.5 0.125
vt 1 0.125
vt 1 0
vt 0.5 0
vt 0.875 0.125
vt 1 0.125
vt 1 0
vt 0.875 0
vt 0.5 0.25
vt 1 0.25
vt 1 0.125
vt 0.5 0.125
vt 0.5 0.25
vt 1 0.25
vt 1 0.125
vt 0.5 0.125
vn -0.5735764363510468 0.40957602214449707 -0.7094064799162212
vn 2.4980018054066017e-16 0.866025403784438 0.5000000000000014
vn 0.5735764363510468 -0.40957602214449707 0.7094064799162212
vn -2.4980018054066017e-16 -0.866025403784438 -0.5000000000000014
vn -0.8191520442889914 -0.28678821817552413 0.4967317648921543
vn 0.8191520442889914 0.28678821817552413 -0.4967317648921543
usemtl m_386ca4f1-58b6-72ad-bfad-1068213d77f8
f 108/316/79 111/315/79 109/314/79 106/313/79
f 107/320/80 108/319/80 106/318/80 105/317/80
f 112/324/81 107/323/81 105/322/81 110/321/81
f 111/328/82 112/327/82 110/326/82 109/325/82
f 110/332/83 105/331/83 106/330/83 109/329/83
f 111/336/84 108/335/84 107/334/84 112/333/84
o flywheel_spoke5_1
v 0.7587491734768663 0.612795775082409 0.47372285662603575
v 0.7453059757498887 0.6223952131014207 0.4570961422529993
v 0.7044465517262817 0.5363743066887734 0.4735062012003541
v 0.691003353999304 0.545973744707785 0.45687948682731766
v 0.7272051018330271 0.6351946675345292 0.47912101068985175
v 0.7406482995600048 0.6255952295155176 0.4957477250628882
v 0.6729024800824425 0.5587731991408935 0.47890435526417013
v 0.6863456778094201 0.5491737611218819 0.49553106963720656
vt 0.8515625 0.25
vt 0.8515625 0.296875
vt 1 0.296875
vt 1 0.25
vt 0.8515625 0.25
vt 0.8515625 0.296875
vt 1 0.296875
vt 1 0.25
vt 0.8515625 0.25
vt 0.8515625 0.296875
vt 1 0.296875
vt 1 0.25
vt 0.8515625 0.25
vt 0.8515625 0.296875
vt 1 0.296875
vt 1 0.25
vt 0 1
vt 0.003125 1
vt 0.003125 0.99609375
vt 0 0.99609375
vt 0 1
vt 0.003125 1
vt 0.003125 0.99609375
vt 0 0.99609375
vn -0.5735764363510468 0.40957602214449707 -0.7094064799162214
vn 0.5792279653395688 -0.40958254185947374 -0.7047957899792788
vn 0.5735764363510468 -0.40957602214449707 0.7094064799162214
vn -0.5792279653395688 0.40958254185947374 0.7047957899792788
vn 0.5792279653395689 0.8151623295321143 0.0023109912072708234
vn -0.5792279653395689 -0.8151623295321143 -0.0023109912072708234
usemtl m_386ca4f1-58b6-72ad-bfad-1068213d77f8
f 116/340/85 119/339/85 117/338/85 114/337/85
f 115/344/86 116/343/86 114/342/86 113/341/86
f 120/348/87 115/347/87 113/346/87 118/345/87
f 119/352/88 120/351/88 118/350/88 117/349/88
usemtl none
f 118/356/89 113/355/89 114/354/89 117/353/89
f 119/360/90 116/359/90 115/358/90 120/357/90
o flywheel_ring5_1
v 0.6193415375178765 0.5247693833709739 0.5433249635569024
v 0.5991767409274099 0.5391685403994914 0.5183848919973477
v 0.6532806761119918 0.5725328011169962 0.5434603731979534
v 0.6331158795215253 0.5869319581455137 0.5185203016383988
v 0.6896811105117175 0.4751712682339486 0.40826054981308535
v 0.7098459071021841 0.4607721112054311 0.43320062137264004
v 0.723620249105833 0.522934685979971 0.4083959594541364
v 0.7437850456962994 0.5085355289514535 0.43333603101369106
vt 0.5 0.125
vt 1 0.125
vt 1 0
vt 0.5 0
vt 0.875 0.125
vt 1 0.125
vt 1 0
vt 0.875 0
vt 0.5 0.125
vt 1 0.125
vt 1 0
vt 0.5 0
vt 0.875 0.125
vt 1 0.125
vt 1 0
vt 0.875 0
vt 0.5 0.25
vt 1 0.25
vt 1 0.125
vt 0.5 0.125
vt 0.5 0.25
vt 1 0.25
vt 1 0.125
vt 0.5 0.125
vn -0.5735764363510468 0.4095760221444971 -0.7094064799162214
vn -0.5792279653395688 0.4095825418594738 0.7047957899792788
vn 0.5735764363510468 -0.4095760221444971 0.7094064799162214
vn 0.5792279653395688 -0.4095825418594738 -0.7047957899792788
vn -0.579227965339569 -0.8151623295321143 -0.002310991207270768
vn 0.579227965339569 0.8151623295321143 0.002310991207270768
usemtl m_386ca4f1-58b6-72ad-bfad-1068213d77f8
f 124/364/91 127/363/91 125/362/91 122/361/91
f 123/368/92 124/367/92 122/366/92 121/365/92
f 128/372/93 123/371/93 121/370/93 126/369/93
f 127/376/94 128/375/94 126/374/94 125/373/94
f 126/380/95 121/379/95 122/378/95 125/377/95
f 127/384/96 124/383/96 123/382/96 128/381/96
o flywheel_hub_1
v 0.8015333640373538 0.690246186759436 0.48659975193626853
v 0.7789039811969413 0.7064052407581057 0.4586114494083238
v 0.8015333640373538 0.6274322816911961 0.45033412693626845
v 0.7789039811969413 0.6435913356898658 0.42234582440832374
v 0.71948883554455 0.6856037743232896 0.494640646145364
v 0.7421182183849625 0.6694447203246199 0.5226289486733088
v 0.71948883554455 0.6227898692550495 0.4583750211453639
v 0.7421182183849625 0.60663081525638 0.48636332367330865
vt 0.25 0.25
vt 0.5 0.25
vt 0.5 0
vt 0.25 0
vt 0.25 0.109375
vt 0.25 0
vt 0 0
vt 0 0.109375
vt 0.25 0.25
vt 0.5 0.25
vt 0.5 0
vt 0.25 0
vt 0.25 0.109375
vt 0.25 0
vt 0 0
vt 0 0.109375
vt 0 0.109375
vt 0.25 0.109375
vt 0.25 0
vt 0 0
vt 0 0.109375
vt 0.25 0.109375
vt 0.25 0
vt 0 0
vn -0.5735764363510468 0.4095760221444971 -0.7094064799162214
vn 0.8191520442889914 0.28678821817552436 -0.49673176489215415
vn 0.5735764363510468 -0.4095760221444971 0.7094064799162214
vn -0.8191520442889914 -0.28678821817552436 0.49673176489215415
vn 8.32667268468867e-17 0.8660254037844378 0.5000000000000014
vn -8.32667268468867e-17 -0.8660254037844378 -0.5000000000000014
usemtl m_386ca4f1-58b6-72ad-bfad-1068213d77f8
f 132/388/97 135/387/97 133/386/97 130/385/97
f 131/392/98 132/391/98 130/390/98 129/389/98
f 136/396/99 131/395/99 129/394/99 134/393/99
f 135/400/100 136/399/100 134/398/100 133/397/100
f 134/404/101 129/403/101 130/402/101 133/401/101
f 135/408/102 132/407/102 131/406/102 136/405/102
o flywheel_ring4_2
v 0.7393077716675359 0.5759410096180639 0.23372212631328593
v 0.7617131012124987 0.5599419462530445 0.26143331693501337
v 0.739307771667536 0.6266846856210583 0.26301900131328604
v 0.7617131012124987 0.6106856222560388 0.2907301919350134
v 0.6337205942923437 0.5151312871631188 0.33904765519941243
v 0.611315264747381 0.5311303505281383 0.31133646457768505
v 0.6337205942923437 0.5658749631661133 0.3683445301994125
v 0.611315264747381 0.5818740265311326 0.3406333395776851
vt 0.5 0.125
vt 1 0.125
vt 1 0
vt 0.5 0
vt 0.875 0.125
vt 1 0.125
vt 1 0
vt 0.875 0
vt 0.5 0.125
vt 1 0.125
vt 1 0
vt 0.5 0
vt 0.875 0.125
vt 1 0.125
vt 1 0
vt 0.875 0
vt 0.5 0.25
vt 1 0.25
vt 1 0.125
vt 0.5 0.125
vt 0.5 0.25
vt 1 0.25
vt 1 0.125
vt 0.5 0.125
vn 0.5735764363510464 -0.40957602214449707 0.7094064799162215
vn 0.8191520442889917 0.286788218175524 -0.4967317648921539
vn -0.5735764363510464 0.40957602214449707 -0.7094064799162215
vn -0.8191520442889917 -0.286788218175524 0.4967317648921539
vn -2.2204460492503126e-16 -0.8660254037844378 -0.5000000000000014
vn 2.2204460492503126e-16 0.8660254037844378 0.5000000000000014
usemtl m_386ca4f1-58b6-72ad-bfad-1068213d77f8
f 140/412/103 143/411/103 141/410/103 138/409/103
f 139/416/104 140/415/104 138/414/104 137/413/104
f 144/420/105 139/419/105 137/418/105 142/417/105
f 143/424/106 144/423/106 142/422/106 141/421/106
f 142/428/107 137/427/107 138/426/107 141/425/107
f 143/432/108 140/431/108 139/430/108 144/429/108
o flywheel_spoke4_2
v 0.666769280128986 0.6779483497325404 0.3617277304900539
v 0.6802124778559636 0.6683489117135287 0.37835444486309033
v 0.666769280128986 0.5967584681277494 0.31485273049005374
v 0.6802124778559636 0.5871590301087377 0.33147944486309017
v 0.7058109792399946 0.6773110435315138 0.36283157721021053
v 0.6923677815130169 0.6869104815505255 0.3462048628371741
v 0.7058109792399946 0.5961211619267228 0.31595657721021037
v 0.6923677815130169 0.6057205999457345 0.29932986283717394
vt 0.8515625 0.25
vt 0.8515625 0.296875
vt 1 0.296875
vt 1 0.25
vt 0.8515625 0.25
vt 0.8515625 0.296875
vt 1 0.296875
vt 1 0.25
vt 0.8515625 0.25
vt 0.8515625 0.296875
vt 1 0.296875
vt 1 0.25
vt 0.8515625 0.25
vt 0.8515625 0.296875
vt 1 0.296875
vt 1 0.25
vt 0 1
vt 0.003125 1
vt 0.003125 0.99609375
vt 0 0.99609375
vt 0 1
vt 0.003125 1
vt 0.003125 0.99609375
vt 0 0.99609375
vn 0.5735764363510464 -0.4095760221444971 0.7094064799162215
vn -0.8191520442889917 -0.2867882181755242 0.49673176489215387
vn -0.5735764363510464 0.4095760221444971 -0.7094064799162215
vn 0.8191520442889917 0.2867882181755242 -0.49673176489215387
vn 1.1102230246251565e-16 0.8660254037844379 0.5000000000000017
vn -1.1102230246251565e-16 -0.8660254037844379 -0.5000000000000017
usemtl m_386ca4f1-58b6-72ad-bfad-1068213d77f8
f 148/436/109 151/435/109 149/434/109 146/433/109
f 147/440/110 148/439/110 146/438/110 145/437/110
f 152/444/111 147/443/111 145/442/111 150/441/111
f 151/448/112 152/447/112 150/446/112 149/445/112
usemtl none
f 150/452/113 145/451/113 146/450/113 149/449/113
f 151/456/114 148/455/114 147/454/114 152/453/114
o flywheel_ring5_2
v 0.612435420916686 0.5303304070462309 0.3127221188884681
v 0.6326002175071525 0.5159312500177134 0.3376621904480228
v 0.6463745595108014 0.5780938247922532 0.31285752852951915
v 0.6665393561012678 0.5636946677637358 0.33779760008907384
v 0.5420958479228448 0.5799285221832562 0.4477865326322851
v 0.5219310513323783 0.5943276792117738 0.42284646107273044
v 0.5760349865169602 0.6276919399292785 0.44792194227333615
v 0.5558701899264937 0.642091096957796 0.42298187071378146
vt 0.5 0.125
vt 1 0.125
vt 1 0
vt 0.5 0
vt 0.875 0.125
vt 1 0.125
vt 1 0
vt 0.875 0
vt 0.5 0.125
vt 1 0.125
vt 1 0
vt 0.5 0
vt 0.875 0.125
vt 1 0.125
vt 1 0
vt 0.875 0
vt 0.5 0.25
vt 1 0.25
vt 1 0.125
vt 0.5 0.125
vt 0.5 0.25
vt 1 0.25
vt 1 0.125
vt 0.5 0.125
vn 0.5735764363510464 -0.4095760221444972 0.7094064799162215
vn 0.579227965339569 -0.40958254185947396 -0.7047957899792787
vn -0.5735764363510464 0.4095760221444972 -0.7094064799162215
vn -0.579227965339569 0.40958254185947396 0.7047957899792787
vn -0.5792279653395692 -0.8151623295321142 -0.00231099120727099
vn 0.5792279653395692 0.8151623295321142 0.00231099120727099
usemtl m_386ca4f1-58b6-72ad-bfad-1068213d77f8
f 156/460/115 159/459/115 157/458/115 154/457/115
f 155/464/116 156/463/116 154/462/116 153/461/116
f 160/468/117 155/467/117 153/466/117 158/465/117
f 159/472/118 160/471/118 158/470/118 157/469/118
f 158/476/119 153/475/119 154/474/119 157/473/119
f 159/480/120 156/479/120 155/478/120 160/477/120
o flywheel_spoke5_2
v 0.6495113056470962 0.6906737876141119 0.38302835595280005
v 0.6629545033740739 0.6810743495951003 0.39965507032583647
v 0.5952086838965116 0.6142523192204763 0.3828117005271184
v 0.6086518816234893 0.6046528812014647 0.39943841490015486
v 0.6810553772909355 0.6682748951619917 0.37763020188898405
v 0.6676121795639578 0.6778743331810034 0.3610034875159476
v 0.6267527555403508 0.5918534267683561 0.3774135464633024
v 0.6133095578133732 0.6014528647873677 0.3607868320902659
vt 0.8515625 0.25
vt 0.8515625 0.296875
vt 1 0.296875
vt 1 0.25
vt 0.8515625 0.25
vt 0.8515625 0.296875
vt 1 0.296875
vt 1 0.25
vt 0.8515625 0.25
vt 0.8515625 0.296875
vt 1 0.296875
vt 1 0.25
vt 0.8515625 0.25
vt 0.8515625 0.296875
vt 1 0.296875
vt 1 0.25
vt 0 1
vt 0.003125 1
vt 0.003125 0.99609375
vt 0 0.99609375
vt 0 1
vt 0.003125 1
vt 0.003125 0.99609375
vt 0 0.99609375
vn 0.5735764363510464 -0.4095760221444972 0.7094064799162216
vn -0.579227965339569 0.40958254185947385 0.7047957899792786
vn -0.5735764363510464 0.4095760221444972 -0.7094064799162216
vn 0.579227965339569 -0.40958254185947385 -0.7047957899792786
vn 0.5792279653395692 0.815162329532114 0.0023109912072710455
vn -0.5792279653395692 -0.815162329532114 -0.0023109912072710455
usemtl m_386ca4f1-58b6-72ad-bfad-1068213d77f8
f 164/484/121 167/483/121 165/482/121 162/481/121
f 163/488/122 164/487/122 162/486/122 161/485/122
f 168/492/123 163/491/123 161/490/123 166/489/123
f 167/496/124 168/495/124 166/494/124 165/493/124
usemtl none
f 166/500/125 161/499/125 162/498/125 165/497/125
f 167/504/126 164/503/126 163/502/126 168/501/126
o flywheel_spoke6_2
v 0.6498604460247782 0.716968185181495 0.3979271429894871
v 0.6633036437517559 0.7073687471624833 0.4145538573625236
v 0.5730649418726852 0.6900817897275395 0.4444957459481266
v 0.5865081395996629 0.6804823517085279 0.461122460321163
v 0.6633036437517559 0.6803054532942197 0.39892885736252354
v 0.6498604460247782 0.6899048913132313 0.38230214298948706
v 0.5865081395996629 0.6534190578402642 0.44549746032116294
v 0.5730649418726852 0.663018495859276 0.42887074594812646
vt 0.8515625 0.25
vt 0.8515625 0.296875
vt 1 0.296875
vt 1 0.25
vt 0.8515625 0.25
vt 0.8515625 0.296875
vt 1 0.296875
vt 1 0.25
vt 0.8515625 0.25
vt 0.8515625 0.296875
vt 1 0.296875
vt 1 0.25
vt 0.8515625 0.25
vt 0.8515625 0.296875
vt 1 0.296875
vt 1 0.25
vt 0 1
vt 0.003125 1
vt 0.003125 0.99609375
vt 0 0.99609375
vt 0 1
vt 0.003125 1
vt 0.003125 0.99609375
vt 0 0.99609375
vn 0.5735764363510464 -0.40957602214449723 0.7094064799162215
vn -5.5511151231257815e-17 0.8660254037844377 0.5000000000000017
vn -0.5735764363510464 0.40957602214449723 -0.7094064799162215
vn 5.5511151231257815e-17 -0.8660254037844377 -0.5000000000000017
vn 0.8191520442889917 0.28678821817552436 -0.49673176489215376
vn -0.8191520442889917 -0.28678821817552436 0.49673176489215376
usemtl m_386ca4f1-58b6-72ad-bfad-1068213d77f8
f 172/508/127 175/507/127 173/506/127 170/505/127
f 171/512/128 172/511/128 170/510/128 169/509/128
f 176/516/129 171/515/129 169/514/129 174/513/129
f 175/520/130 176/519/130 174/518/130 173/517/130
usemtl none
f 174/524/131 169/523/131 170/522/131 173/521/131
f 175/528/132 172/527/132 171/526/132 176/525/132
o flywheel_ring6_2
v 0.520810739164084 0.5951277330033802 0.42146099657914793
v 0.5432160687090468 0.5791286696383607 0.4491721872008753
v 0.5688079292591421 0.6119317301621022 0.3923556197299983
v 0.5912132588041049 0.5959326667970828 0.42006681035172566
v 0.5432160687090468 0.7144451389796791 0.5272971872008756
v 0.5208107391640842 0.7304442023446985 0.49958599657914815
v 0.5912132588041049 0.7312491361384013 0.4981918103517259
v 0.5688079292591421 0.7472481995034207 0.4704806197299985
vt 0.5 0.125
vt 1 0.125
vt 1 0
vt 0.5 0
vt 0.875 0.125
vt 1 0.125
vt 1 0
vt 0.875 0
vt 0.5 0.125
vt 1 0.125
vt 1 0
vt 0.5 0
vt 0.875 0.125
vt 1 0.125
vt 1 0
vt 0.875 0
vt 0.5 0.25
vt 1 0.25
vt 1 0.125
vt 0.5 0.125
vt 0.5 0.25
vt 1 0.25
vt 1 0.125
vt 0.5 0.125
vn 0.5735764363510464 -0.4095760221444972 0.7094064799162214
vn -2.4980018054066017e-16 -0.8660254037844379 -0.5000000000000014
vn -0.5735764363510464 0.4095760221444972 -0.7094064799162214
vn 2.4980018054066017e-16 0.8660254037844379 0.5000000000000014
vn -0.8191520442889916 -0.2867882181755239 0.4967317648921539
vn 0.8191520442889916 0.2867882181755239 -0.4967317648921539
usemtl m_386ca4f1-58b6-72ad-bfad-1068213d77f8
f 180/532/133 183/531/133 181/530/133 178/529/133
f 179/536/134 180/535/134 178/534/134 177/533/134
f 184/540/135 179/539/135 177/538/135 182/537/135
f 183/544/136 184/543/136 182/542/136 181/541/136
f 182/548/137 177/547/137 178/546/137 181/545/137
f 183/552/138 180/551/138 179/550/138 184/549/138
o flywheel_ring7_2
v 0.5219310513323783 0.7296443817930179 0.5009715957338646
v 0.5420958479228448 0.7152452247645005 0.5259116672934192
v 0.5558701899264937 0.7056454047309394 0.45967496741476627
v 0.5760349865169602 0.6912462477024219 0.4846150389743209
v 0.6326002175071525 0.8426143387538932 0.5262727596695553
v 0.612435420916686 0.8570134957824107 0.5013326881100008
v 0.6665393561012678 0.8186153616918147 0.48497613135045703
v 0.6463745595108014 0.8330145187203322 0.46003605979090234
vt 0.5 0.125
vt 1 0.125
vt 1 0
vt 0.5 0
vt 0.875 0.125
vt 1 0.125
vt 1 0
vt 0.875 0
vt 0.5 0.125
vt 1 0.125
vt 1 0
vt 0.5 0
vt 0.875 0.125
vt 1 0.125
vt 1 0
vt 0.875 0
vt 0.5 0.25
vt 1 0.25
vt 1 0.125
vt 0.5 0.125
vt 0.5 0.25
vt 1 0.25
vt 1 0.125
vt 0.5 0.125
vn 0.5735764363510464 -0.4095760221444972 0.7094064799162216
vn -0.5792279653395691 -0.8151623295321143 -0.002310991207271157
vn -0.5735764363510464 0.4095760221444972 -0.7094064799162216
vn 0.5792279653395691 0.8151623295321143 0.002310991207271157
vn -0.5792279653395691 0.40958254185947374 0.7047957899792787
vn 0.5792279653395691 -0.40958254185947374 -0.7047957899792787
usemtl m_386ca4f1-58b6-72ad-bfad-1068213d77f8
f 188/556/139 191/555/139 189/554/139 186/553/139
f 187/560/140 188/559/140 186/558/140 185/557/140
f 192/564/141 187/563/141 185/562/141 190/561/141
f 191/568/142 192/567/142 190/566/142 189/565/142
f 190/572/143 185/571/143 186/570/143 189/569/143
f 191/576/144 188/575/144 187/574/144 192/573/144
o flywheel_spoke7_2
v 0.6676121795639578 0.7414286409541466 0.3976965842169323
v 0.6810553772909355 0.731829202935135 0.41432329858996875
v 0.6133095578133732 0.7798270042534723 0.46377118952748975
v 0.6267527555403508 0.7702275662344606 0.48039790390052617
v 0.6629545033740739 0.7063553801372564 0.41425108011474154
v 0.6495113056470962 0.715954818156268 0.3976243657417051
v 0.6086518816234893 0.7447537434365821 0.4803256854252989
v 0.5952086838965116 0.7543531814555937 0.4636989710522625
vt 0.8515625 0.25
vt 0.8515625 0.296875
vt 1 0.296875
vt 1 0.25
vt 0.8515625 0.25
vt 0.8515625 0.296875
vt 1 0.296875
vt 1 0.25
vt 0.8515625 0.25
vt 0.8515625 0.296875
vt 1 0.296875
vt 1 0.25
vt 0.8515625 0.25
vt 0.8515625 0.296875
vt 1 0.296875
vt 1 0.25
vt 0 1
vt 0.003125 1
vt 0.003125 0.99609375
vt 0 0.99609375
vt 0 1
vt 0.003125 1
vt 0.003125 0.99609375
vt 0 0.99609375
vn 0.5735764363510465 -0.40957602214449723 0.7094064799162214
vn 0.579227965339569 0.8151623295321143 0.0023109912072711842
vn -0.5735764363510465 0.40957602214449723 -0.7094064799162214
vn -0.579227965339569 -0.8151623295321143 -0.0023109912072711842
vn 0.579227965339569 -0.4095825418594737 -0.7047957899792786
vn -0.579227965339569 0.4095825418594737 0.7047957899792786
usemtl m_386ca4f1-58b6-72ad-bfad-1068213d77f8
f 196/580/145 199/579/145 197/578/145 194/577/145
f 195/584/146 196/583/146 194/582/146 193/581/146
f 200/588/147 195/587/147 193/586/147 198/585/147
f 199/592/148 200/591/148 198/590/148 197/589/148
usemtl none
f 198/596/149 193/595/149 194/594/149 197/593/149
f 199/600/150 196/599/150 195/598/150 200/597/150
o flywheel_spoke0_2
v 0.6923677815130169 0.7497265516822748 0.38247173783717414
v 0.7058109792399946 0.7401271136632631 0.39909845221021056
v 0.6923677815130169 0.8309164332870659 0.42934673783717425
v 0.7058109792399946 0.8213169952680542 0.44597345221021073
v 0.6802124778559636 0.731164981845278 0.41462131986309037
v 0.666769280128986 0.7407644198642896 0.39799460549005394
v 0.6802124778559636 0.812354863450069 0.46149631986309053
v 0.666769280128986 0.8219543014690807 0.44486960549005405
vt 0.8515625 0.25
vt 0.8515625 0.296875
vt 1 0.296875
vt 1 0.25
vt 0.8515625 0.25
vt 0.8515625 0.296875
vt 1 0.296875
vt 1 0.25
vt 0.8515625 0.25
vt 0.8515625 0.296875
vt 1 0.296875
vt 1 0.25
vt 0.8515625 0.25
vt 0.8515625 0.296875
vt 1 0.296875
vt 1 0.25
vt 0 1
vt 0.003125 1
vt 0.003125 0.99609375
vt 0 0.99609375
vt 0 1
vt 0.003125 1
vt 0.003125 0.99609375
vt 0 0.99609375
vn 0.5735764363510464 -0.40957602214449707 0.7094064799162215
vn 0.8191520442889917 0.286788218175524 -0.4967317648921539
vn -0.5735764363510464 0.40957602214449707 -0.7094064799162215
vn -0.8191520442889917 -0.286788218175524 0.4967317648921539
vn -2.2204460492503126e-16 -0.8660254037844378 -0.5000000000000014
vn 2.2204460492503126e-16 0.8660254037844378 0.5000000000000014
usemtl m_386ca4f1-58b6-72ad-bfad-1068213d77f8
f 204/604/151 207/603/151 205/602/151 202/601/151
f 203/608/152 204/607/152 202/606/152 201/605/152
f 208/612/153 203/611/153 201/610/153 206/609/153
f 207/616/154 208/615/154 206/614/154 205/613/154
usemtl none
f 206/620/155 201/619/155 202/618/155 205/617/155
f 207/624/156 204/623/156 203/622/156 208/621/156
o flywheel_ring0_2
v 0.6113152647473811 0.8578135358754586 0.49994708957768563
v 0.6337205942923437 0.8418144725104393 0.5276582801994131
v 0.6113152647473811 0.8070698598724643 0.4706502145776855
v 0.6337205942923437 0.7910707965074448 0.49836140519941297
v 0.7617131012124987 0.8866251316003648 0.450043941935014
v 0.739307771667536 0.9026241949653843 0.4223327513132866
v 0.7617131012124987 0.8358814555973705 0.4207470669350139
v 0.739307771667536 0.8518805189623899 0.3930358763132865
vt 0.5 0.125
vt 1 0.125
vt 1 0
vt 0.5 0
vt 0.875 0.125
vt 1 0.125
vt 1 0
vt 0.875 0
vt 0.5 0.125
vt 1 0.125
vt 1 0
vt 0.5 0
vt 0.875 0.125
vt 1 0.125
vt 1 0
vt 0.875 0
vt 0.5 0.25
vt 1 0.25
vt 1 0.125
vt 0.5 0.125
vt 0.5 0.25
vt 1 0.25
vt 1 0.125
vt 0.5 0.125
vn 0.5735764363510464 -0.4095760221444971 0.7094064799162215
vn -0.8191520442889917 -0.2867882181755242 0.49673176489215387
vn -0.5735764363510464 0.4095760221444971 -0.7094064799162215
vn 0.8191520442889917 0.2867882181755242 -0.49673176489215387
vn 1.1102230246251565e-16 0.8660254037844379 0.5000000000000017
vn -1.1102230246251565e-16 -0.8660254037844379 -0.5000000000000017
usemtl m_386ca4f1-58b6-72ad-bfad-1068213d77f8
f 212/628/157 215/627/157 213/626/157 210/625/157
f 211/632/158 212/631/158 210/630/158 209/629/158
f 216/636/159 211/635/159 209/634/159 214/633/159
f 215/640/160 216/639/160 214/638/160 213/637/160
f 214/644/161 209/643/161 210/642/161 213/641/161
f 215/648/162 212/647/162 211/646/162 216/645/162
o flywheel_spoke1_2
v 0.7096257559949066 0.7370011138007032 0.36117111237442795
v 0.7230689537218843 0.7274016757816916 0.3777978267474644
v 0.7639283777454913 0.8134225821943389 0.3613877678001096
v 0.7773715754724689 0.8038231441753273 0.3780144821731461
v 0.7049680798050227 0.7402011302148002 0.3998226951843169
v 0.6915248820780451 0.7498005682338118 0.3831959808112804
v 0.7592707015556074 0.8166225986084358 0.4000393506099985
v 0.7458275038286297 0.8262220366274475 0.3834126362369621
vt 0.8515625 0.25
vt 0.8515625 0.296875
vt 1 0.296875
vt 1 0.25
vt 0.8515625 0.25
vt 0.8515625 0.296875
vt 1 0.296875
vt 1 0.25
vt 0.8515625 0.25
vt 0.8515625 0.296875
vt 1 0.296875
vt 1 0.25
vt 0.8515625 0.25
vt 0.8515625 0.296875
vt 1 0.296875
vt 1 0.25
vt 0 1
vt 0.003125 1
vt 0.003125 0.99609375
vt 0 0.99609375
vt 0 1
vt 0.003125 1
vt 0.003125 0.99609375
vt 0 0.99609375
vn 0.5735764363510464 -0.4095760221444972 0.7094064799162215
vn 0.579227965339569 -0.40958254185947396 -0.7047957899792787
vn -0.5735764363510464 0.4095760221444972 -0.7094064799162215
vn -0.579227965339569 0.40958254185947396 0.7047957899792787
vn -0.5792279653395692 -0.8151623295321142 -0.00231099120727099
vn 0.5792279653395692 0.8151623295321142 0.00231099120727099
usemtl m_386ca4f1-58b6-72ad-bfad-1068213d77f8
f 220/652/163 223/651/163 221/650/163 218/649/163
f 219/656/164 220/655/164 218/654/164 217/653/164
f 224/660/165 219/659/165 217/658/165 222/657/165
f 223/664/166 224/663/166 222/662/166 221/661/166
usemtl none
f 222/668/167 217/667/167 218/666/167 221/665/167
f 223/672/168 220/671/168 219/670/168 224/669/168
o flywheel_ring1_2
v 0.7404281484527273 0.9018242321107897 0.4237182160646762
v 0.7605929450431939 0.8874250750822722 0.4486582876242309
v 0.706489009858612 0.8540608143647674 0.42358280642362517
v 0.7266538064490784 0.8396616573362499 0.4485228779831798
v 0.8510973146275015 0.8234278029167295 0.33853394543996856
v 0.8309325180370349 0.8378269599452469 0.3135938738804139
v 0.8171581760333861 0.7756643851707071 0.33839853579891754
v 0.7969933794429196 0.7900635421992246 0.31345846423936286
vt 0.5 0.125
vt 1 0.125
vt 1 0
vt 0.5 0
vt 0.875 0.125
vt 1 0.125
vt 1 0
vt 0.875 0
vt 0.5 0.125
vt 1 0.125
vt 1 0
vt 0.5 0
vt 0.875 0.125
vt 1 0.125
vt 1 0
vt 0.875 0
vt 0.5 0.25
vt 1 0.25
vt 1 0.125
vt 0.5 0.125
vt 0.5 0.25
vt 1 0.25
vt 1 0.125
vt 0.5 0.125
vn 0.5735764363510464 -0.4095760221444972 0.7094064799162216
vn -0.579227965339569 0.40958254185947385 0.7047957899792786
vn -0.5735764363510464 0.4095760221444972 -0.7094064799162216
vn 0.579227965339569 -0.40958254185947385 -0.7047957899792786
vn 0.5792279653395692 0.815162329532114 0.0023109912072710455
vn -0.5792279653395692 -0.815162329532114 -0.0023109912072710455
usemtl m_386ca4f1-58b6-72ad-bfad-1068213d77f8
f 228/676/169 231/675/169 229/674/169 226/673/169
f 227/680/170 228/679/170 226/678/170 225/677/170
f 232/684/171 227/683/171 225/682/171 230/681/171
f 231/688/172 232/687/172 230/686/172 229/685/172
f 230/692/173 225/691/173 226/690/173 229/689/173
f 231/696/174 228/695/174 227/694/174 232/693/174
o flywheel_spoke2_2
v 0.7092766156172247 0.7107067162333202 0.3462723253377409
v 0.7227198133442023 0.7011072782143085 0.3628990397107773
v 0.7860721197693177 0.7375931116872755 0.2997037223791015
v 0.7995153174962953 0.7279936736682638 0.3163304367521379
v 0.7227198133442023 0.7281705720825722 0.37852403971077736
v 0.7092766156172247 0.7377700101015838 0.36189732533774094
v 0.7995153174962953 0.7550569675365275 0.33195543675213796
v 0.7860721197693177 0.7646564055555393 0.3153287223791015
vt 0.8515625 0.25
vt 0.8515625 0.296875
vt 1 0.296875
vt 1 0.25
vt 0.8515625 0.25
vt 0.8515625 0.296875
vt 1 0.296875
vt 1 0.25
vt 0.8515625 0.25
vt 0.8515625 0.296875
vt 1 0.296875
vt 1 0.25
vt 0.8515625 0.25
vt 0.8515625 0.296875
vt 1 0.296875
vt 1 0.25
vt 0 1
vt 0.003125 1
vt 0.003125 0.99609375
vt 0 0.99609375
vt 0 1
vt 0.003125 1
vt 0.003125 0.99609375
vt 0 0.99609375
vn 0.5735764363510464 -0.4095760221444972 0.7094064799162214
vn -2.4980018054066017e-16 -0.8660254037844379 -0.5000000000000014
vn -0.5735764363510464 0.4095760221444972 -0.7094064799162214
vn 2.4980018054066017e-16 0.8660254037844379 0.5000000000000014
vn -0.8191520442889916 -0.2867882181755239 0.4967317648921539
vn 0.8191520442889916 0.2867882181755239 -0.4967317648921539
usemtl m_386ca4f1-58b6-72ad-bfad-1068213d77f8
f 236/700/175 239/699/175 237/698/175 234/697/175
f 235/704/176 236/703/176 234/702/176 233/701/176
f 240/708/177 235/707/177 233/706/177 238/705/177
f 239/712/178 240/711/178 238/710/178 237/709/178
usemtl none
f 238/716/179 233/715/179 234/714/179 237/713/179
f 239/720/180 236/719/180 235/718/180 240/717/180
o flywheel_ring2_2
v 0.8298122972508329 0.8386268124901425 0.31220821931182374
v 0.8522176267957957 0.822627749125123 0.33991940993355113
v 0.7818151071557748 0.8218228153314203 0.34131359616097334
v 0.8042204367007375 0.8058237519664009 0.3690247867827008
v 0.8522176267957957 0.6873112797838047 0.26179440993355085
v 0.8298122972508329 0.7033103431488241 0.23408321931182344
v 0.8042204367007376 0.6705072826250825 0.2908997867827005
v 0.7818151071557748 0.686506345990102 0.2631885961609731
vt 0.5 0.125
vt 1 0.125
vt 1 0
vt 0.5 0
vt 0.875 0.125
vt 1 0.125
vt 1 0
vt 0.875 0
vt 0.5 0.125
vt 1 0.125
vt 1 0
vt 0.5 0
vt 0.875 0.125
vt 1 0.125
vt 1 0
vt 0.875 0
vt 0.5 0.25
vt 1 0.25
vt 1 0.125
vt 0.5 0.125
vt 0.5 0.25
vt 1 0.25
vt 1 0.125
vt 0.5 0.125
vn 0.5735764363510464 -0.40957602214449723 0.7094064799162215
vn -5.5511151231257815e-17 0.8660254037844377 0.5000000000000017
vn -0.5735764363510464 0.40957602214449723 -0.7094064799162215
vn 5.5511151231257815e-17 -0.8660254037844377 -0.5000000000000017
vn 0.8191520442889917 0.28678821817552436 -0.49673176489215376
vn -0.8191520442889917 -0.28678821817552436 0.49673176489215376
usemtl m_386ca4f1-58b6-72ad-bfad-1068213d77f8
f 244/724/181 247/723/181 245/722/181 242/721/181
f 243/728/182 244/727/182 242/726/182 241/725/182
f 248/732/183 243/731/183 241/730/183 246/729/183
f 247/736/184 248/735/184 246/734/184 245/733/184
f 246/740/185 241/739/185 242/738/185 245/737/185
f 247/744/186 244/743/186 243/742/186 248/741/186
o flywheel_spoke3_2
v 0.6915248820780451 0.6862462604606685 0.34650288411029573
v 0.7049680798050227 0.6766468224416569 0.36312959848333215
v 0.7458275038286297 0.6478478971613428 0.2804282787997383
v 0.7592707015556074 0.6382484591423312 0.29705499317277473
v 0.7230689537218843 0.7021206452395354 0.36320181695855935
v 0.7096257559949066 0.7117200832585471 0.34657510258552293
v 0.7773715754724689 0.6637222819402098 0.297127211648002
v 0.7639283777454913 0.6733217199592214 0.28050049727496557
vt 0.8515625 0.25
vt 0.8515625 0.296875
vt 1 0.296875
vt 1 0.25
vt 0.8515625 0.25
vt 0.8515625 0.296875
vt 1 0.296875
vt 1 0.25
vt 0.8515625 0.25
vt 0.8515625 0.296875
vt 1 0.296875
vt 1 0.25
vt 0.8515625 0.25
vt 0.8515625 0.296875
vt 1 0.296875
vt 1 0.25
vt 0 1
vt 0.003125 1
vt 0.003125 0.99609375
vt 0 0.99609375
vt 0 1
vt 0.003125 1
vt 0.003125 0.99609375
vt 0 0.99609375
vn 0.5735764363510464 -0.4095760221444972 0.7094064799162216
vn -0.5792279653395691 -0.8151623295321143 -0.002310991207271157
vn -0.5735764363510464 0.4095760221444972 -0.7094064799162216
vn 0.5792279653395691 0.8151623295321143 0.002310991207271157
vn -0.5792279653395691 0.40958254185947374 0.7047957899792787
vn 0.5792279653395691 -0.40958254185947374 -0.7047957899792787
usemtl m_386ca4f1-58b6-72ad-bfad-1068213d77f8
f 252/748/187 255/747/187 253/746/187 250/745/187
f 251/752/188 252/751/188 250/750/188 249/749/188
f 256/756/189 251/755/189 249/754/189 254/753/189
f 255/760/190 256/759/190 254/758/190 253/757/190
usemtl none
f 254/764/191 249/763/191 250/762/191 253/761/191
f 255/768/192 252/767/192 251/766/192 256/765/192
o flywheel_ring3_2
v 0.8309325180370349 0.7025102573640027 0.2354687392192797
v 0.8510973146275015 0.6881111003354853 0.2604088107788344
v 0.7969933794429196 0.7265092344260813 0.27676536753837805
v 0.8171581760333861 0.7121100773975638 0.3017054390979327
v 0.7605929450431939 0.5607419863460924 0.26004771840269825
v 0.7404281484527273 0.5751411433746099 0.23510764684314356
v 0.7266538064490784 0.5847409634081709 0.30134434672179655
v 0.706489009858612 0.5991401204366884 0.2764042751622419
vt 0.5 0.125
vt 1 0.125
vt 1 0
vt 0.5 0
vt 0.875 0.125
vt 1 0.125
vt 1 0
vt 0.875 0
vt 0.5 0.125
vt 1 0.125
vt 1 0
vt 0.5 0
vt 0.875 0.125
vt 1 0.125
vt 1 0
vt 0.875 0
vt 0.5 0.25
vt 1 0.25
vt 1 0.125
vt 0.5 0.125
vt 0.5 0.25
vt 1 0.25
vt 1 0.125
vt 0.5 0.125
vn 0.5735764363510465 -0.40957602214449723 0.7094064799162214
vn 0.579227965339569 0.8151623295321143 0.0023109912072711842
vn -0.5735764363510465 0.40957602214449723 -0.7094064799162214
vn -0.579227965339569 -0.8151623295321143 -0.0023109912072711842
vn 0.579227965339569 -0.4095825418594737 -0.7047957899792786
vn -0.579227965339569 0.4095825418594737 0.7047957899792786
usemtl m_386ca4f1-58b6-72ad-bfad-1068213d77f8
f 260/772/193 263/771/193 261/770/193 258/769/193
f 259/776/194 260/775/194 258/774/194 257/773/194
f 264/780/195 259/779/195 257/778/195 262/777/195
f 263/784/196 264/783/196 262/782/196 261/781/196
f 262/788/197 257/787/197 258/786/197 261/785/197
f 263/792/198 260/791/198 259/790/198 264/789/198
o flywheel_hub_2
v 0.6487406915175578 0.7361231847597162 0.4071384605010478
v 0.6713700743579701 0.7199641307610465 0.43512676302899256
v 0.6487406915175578 0.6733092796914762 0.3708728355010477
v 0.6713700743579701 0.6571502256928066 0.3988611380289925
v 0.7307852200103613 0.7407655971958627 0.3990975662919524
v 0.7081558371699489 0.7569246511945323 0.3711092637640077
v 0.7307852200103613 0.6779516921276227 0.36283194129195234
v 0.7081558371699489 0.6941107461262924 0.3348436387640076
vt 0.25 0.25
vt 0.5 0.25
vt 0.5 0
vt 0.25 0
vt 0.25 0.109375
vt 0.25 0
vt 0 0
vt 0 0.109375
vt 0.25 0.25
vt 0.5 0.25
vt 0.5 0
vt 0.25 0
vt 0.25 0.109375
vt 0.25 0
vt 0 0
vt 0 0.109375
vt 0 0.109375
vt 0.25 0.109375
vt 0.25 0
vt 0 0
vt 0 0.109375
vt 0.25 0.109375
vt 0.25 0
vt 0 0
vn 0.5735764363510464 -0.4095760221444971 0.7094064799162215
vn -0.8191520442889917 -0.2867882181755242 0.49673176489215387
vn -0.5735764363510464 0.4095760221444971 -0.7094064799162215
vn 0.8191520442889917 0.2867882181755242 -0.49673176489215387
vn 1.1102230246251565e-16 0.8660254037844379 0.5000000000000017
vn -1.1102230246251565e-16 -0.8660254037844379 -0.5000000000000017
usemtl m_386ca4f1-58b6-72ad-bfad-1068213d77f8
f 268/796/199 271/795/199 269/794/199 266/793/199
f 267/800/200 268/799/200 266/798/200 265/797/200
f 272/804/201 267/803/201 265/802/201 270/801/201
f 271/808/202 272/807/202 270/806/202 269/805/202
f 270/812/203 265/811/203 266/810/203 269/809/203
f 271/816/204 268/815/204 267/814/204 272/813/204
o shroud_slant_1
v 0.6492204499256222 0.49455690537548846 0.2738502405106529
v 0.11421177099937457 0.3072483503795993 0.598278174455841
v 0.6405592079156363 0.47269722126142477 0.24694643668724467
v 0.10555052898938866 0.2853886662655356 0.5713743706324328
v 0.11341772030154118 0.308374423515583 0.5976188573608966
v 0.6484263992277888 0.49568297851147214 0.2731909234157085
v 0.10475647829155521 0.2865147394015192 0.5707150535374884
v 0.6397651572178028 0.47382329439740845 0.24628711959230032
vt 0.9140625 0.078125
vt 0.9140625 0.03125
vt 0.5859375 0.03125
vt 0.5859375 0.078125
vt 0.625 0.0859375
vt 0.875 0.0859375
vt 0.875 0.015625
vt 0.625 0.015625
vt 0.9140625 0.078125
vt 0.9140625 0.03125
vt 0.5859375 0.03125
vt 0.5859375 0.078125
vt 0.625 0.0859375
vt 0.875 0.0859375
vt 0.875 0.015625
vt 0.625 0.015625
vt 0.9140625 0.03125
vt 0.9140625 0.078125
vt 0.5859375 0.078125
vt 0.5859375 0.03125
vt 0.9140625 0.03125
vt 0.9140625 0.078125
vt 0.5859375 0.078125
vt 0.5859375 0.03125
vn -0.8191520442889916 -0.28678821817552425 0.49673176489215404
vn -0.5198367907256849 0.7372000890237197 -0.4316314860519799
vn 0.8191520442889916 0.28678821817552425 -0.49673176489215404
vn 0.5198367907256849 -0.7372000890237197 0.4316314860519799
vn 0.24240387650610434 0.6117912606920175 0.7529620269281083
vn -0.24240387650610434 -0.6117912606920175 -0.7529620269281083
usemtl m_386ca4f1-58b6-72ad-bfad-1068213d77f8
f 276/820/205 279/819/205 277/818/205 274/817/205
f 275/824/206 276/823/206 274/822/206 273/821/206
f 280/828/207 275/827/207 273/826/207 278/825/207
f 279/832/208 280/831/208 278/830/208 277/829/208
f 278/836/209 273/835/209 274/834/209 277/833/209
f 279/840/210 276/839/210 275/838/210 280/837/210
o shroud_side_1
v 0.6397646655586049 0.4738233544229151 0.24628634346108372
v 0.10475598663235726 0.2865147994270259 0.5707142774062719
v 0.6397646655586049 0.3814363056130686 0.1929466559610835
v 0.10475598663235726 0.19412775061717943 0.5173745899062716
v 0.10555038999670345 0.28594753663635575 0.5716968053809558
v 0.640559068922951 0.47325609163224497 0.24726887143576765
v 0.10555038999670345 0.1935604878265093 0.5183571178809556
v 0.640559068922951 0.38086904282239853 0.19392918393576747
vt 0.5234375 0.078125
vt 0.9921875 0.078125
vt 0.9921875 0.03125
vt 0.5234375 0.03125
vn -0.5735764363510466 0.4095760221444971 -0.7094064799162213
usemtl m_386ca4f1-58b6-72ad-bfad-1068213d77f8
f 283/844/211 284/843/211 282/842/211 281/841/211
o shroud_cover_bottom_1_1
v 0.1047559866323572 0.28651479942702596 0.5707142774062718
v 0.10347606156315564 0.2860666928361267 0.5714904207889159
v 0.1047559866323572 0.18871509184352675 0.5142495899062717
v 0.10347606156315564 0.18826698525262747 0.5150257332889157
v 0.1121374242373292 0.2798818389167309 0.5822029020147008
v 0.11341734930653077 0.28032994550763013 0.5814267586320568
v 0.1121374242373292 0.1820821313332317 0.5257382145147006
v 0.11341734930653077 0.18253023792413095 0.5249620711320566
vt 1 0.0625
vt 1 0.03125
vt 0.78125 0.03125
vt 0.78125 0.0625
vt 0.6484375 0
vt 0.6484375 0.0546875
vt 0.7734375 0.0546875
vt 0.7734375 0
vt 0 1
vt 0.001887578125 1
vt 0.001887578125 0.985883828125
vt 0 0.985883828125
vt 0 1
vt 0.0001953125 1
vt 0.0001953125 0.985883828125
vt 0 0.985883828125
vt 0.5625 0.08613281250000004
vt 0.8515625 0.08613281250000004
vt 0.8515625 0.023632812500000044
vt 0.5625 0.023632812500000044
vt 0 1
vt 0.001887578125 1
vt 0.001887578125 0.9998046875
vt 0 0.9998046875
vn -0.8191520442889915 -0.28678821817552425 0.496731764892154
vn -0.5735764363510466 0.4095760221444971 -0.7094064799162213
vn 0.8191520442889915 0.28678821817552425 -0.496731764892154
vn 0.5735764363510466 -0.4095760221444971 0.7094064799162213
vn 8.326672684688672e-17 0.8660254037844378 0.5000000000000016
vn -8.326672684688672e-17 -0.8660254037844378 -0.5000000000000016
usemtl m_386ca4f1-58b6-72ad-bfad-1068213d77f8
f 292/848/212 295/847/212 293/846/212 290/845/212
f 291/852/213 292/851/213 290/850/213 289/849/213
usemtl none
f 296/856/214 291/855/214 289/854/214 294/853/214
f 295/860/215 296/859/215 294/858/215 293/857/215
usemtl m_386ca4f1-58b6-72ad-bfad-1068213d77f8
f 294/864/216 289/863/216 290/862/216 293/861/216
usemtl none
f 295/868/217 292/867/217 291/866/217 296/865/217
o shroud_cover_bottom_2_1
v 0.6484263867180514 0.4676382445185055 0.2569992680659186
v 0.6497063117872529 0.4680863511094047 0.25622312468327463
v 0.6484263867180514 0.3698385369350063 0.20053458056591844
v 0.6497063117872529 0.37028664352590557 0.1997584371832745
v 0.6410449491130793 0.4742712050288005 0.24551064345748969
v 0.6397650240438778 0.47382309843790127 0.24628678684013364
v 0.6410449491130793 0.37647149744530134 0.18904595595748952
v 0.6397650240438778 0.3760233908544021 0.1898220993401335
vt 1 0.0625
vt 1 0.03125
vt 0.78125 0.03125
vt 0.78125 0.0625
vt 0 1
vt 0.0001953125 1
vt 0.0001953125 0.985883828125
vt 0 0.985883828125
vt 0 1
vt 0.001887578125 1
vt 0.001887578125 0.985883828125
vt 0 0.985883828125
vt 0.6484375 0
vt 0.6484375 0.0546875
vt 0.7734375 0.0546875
vt 0.7734375 0
vt 0.5625 0.08613281250000004
vt 0.8515625 0.08613281250000004
vt 0.8515625 0.023632812500000044
vt 0.5625 0.023632812500000044
vt 0 1
vt 0.001887578125 1
vt 0.001887578125 0.9998046875
vt 0 0.9998046875
vn 0.8191520442889916 0.28678821817552413 -0.4967317648921541
vn 0.5735764363510466 -0.409576022144497 0.7094064799162215
vn -0.8191520442889916 -0.28678821817552413 0.4967317648921541
vn -0.5735764363510466 0.409576022144497 -0.7094064799162215
vn 1.1102230246251563e-16 0.8660254037844379 0.5000000000000014
vn -1.1102230246251563e-16 -0.8660254037844379 -0.5000000000000014
usemtl m_386ca4f1-58b6-72ad-bfad-1068213d77f8
f 300/872/218 303/871/218 301/870/218 298/869/218
usemtl none
f 299/876/219 300/875/219 298/874/219 297/873/219
f 304/880/220 299/879/220 297/878/220 302/877/220
usemtl m_386ca4f1-58b6-72ad-bfad-1068213d77f8
f 303/884/221 304/883/221 302/882/221 301/881/221
f 302/888/222 297/887/222 298/886/222 301/885/222
usemtl none
f 303/892/223 300/891/223 299/890/223 304/889/223
o shroud_cover_top_1_1
v 0.11341730797382019 0.3083743328064997 0.5976181250272357
v 0.11239336791845897 0.3080158475337803 0.5982390397333508
v 0.10475606596383426 0.286514648692436 0.5707143212038275
v 0.10373212590847304 0.28615616341971656 0.5713352359099426
v 0.11970357278803896 0.29764897128188417 0.6043088575059569
v 0.12072751284340018 0.2980074565546036 0.6036879427998416
v 0.11104233077805303 0.2757892871678205 0.5774050536825487
v 0.11206627083341425 0.27614777244053984 0.5767841389764334
vt 0.5234375 0.0859375
vt 0.5703125 0.0859375
vt 0.5703125 0.0234375
vt 0.5234375 0.0234375
vt 0.90625 0.0703125
vt 0.90625 0.0234375
vt 0.5859375 0.0234375
vt 0.5859375 0.0703125
vt 0 1
vt 0.0017578125 1
vt 0.0017578125 0.995533671875
vt 0 0.995533671875
vt 0 1
vt 0.00015625 1
vt 0.00015625 0.995533671875
vt 0 0.995533671875
vt 0.6015625 0.078125
vt 0.96875 0.078125
vt 0.96875 0.03125
vt 0.6015625 0.03125
vt 0 1
vt 0.0017578125 1
vt 0.0017578125 0.99984375
vt 0 0.99984375
vn -0.8191520442889916 -0.28678821817552425 0.49673176489215404
vn -0.5198367907256849 0.7372000890237197 -0.4316314860519799
vn 0.8191520442889916 0.28678821817552425 -0.49673176489215404
vn 0.5198367907256849 -0.7372000890237197 0.4316314860519799
vn 0.24240387650610434 0.6117912606920175 0.7529620269281083
vn -0.24240387650610434 -0.6117912606920175 -0.7529620269281083
usemtl m_386ca4f1-58b6-72ad-bfad-1068213d77f8
f 308/896/224 311/895/224 309/894/224 306/893/224
f 307/900/225 308/899/225 306/898/225 305/897/225
usemtl none
f 312/904/226 307/903/226 305/902/226 310/901/226
f 311/908/227 312/907/227 310/906/227 309/905/227
usemtl m_386ca4f1-58b6-72ad-bfad-1068213d77f8
f 310/912/228 305/911/228 306/910/228 309/909/228
usemtl none
f 311/916/229 308/915/229 307/914/229 312/913/229
o shroud_cover_top_2_1
v 0.6494499269554292 0.4960413730751083 0.27256927637593215
v 0.6484259869000678 0.4956828878023889 0.27319019108204745
v 0.6407886849454433 0.4741816889610446 0.24566547255252402
v 0.639764744890082 0.47382320368832515 0.2462863872586393
v 0.6557361917696478 0.48531601155049275 0.27926000885465346
v 0.6567601318250093 0.48567449682321223 0.27863909414853816
v 0.647074949759662 0.46345632743642906 0.25235620503124534
v 0.6480988898150233 0.4638148127091485 0.25173529032513003
vt 0 1
vt 0.0017578125 1
vt 0.0017578125 0.995533671875
vt 0 0.995533671875
vt 0.90625 0.0703125
vt 0.90625 0.0234375
vt 0.5859375 0.0234375
vt 0.5859375 0.0703125
vt 0.5234375 0.0859375
vt 0.5703125 0.0859375
vt 0.5703125 0.0234375
vt 0.5234375 0.0234375
vt 0 1
vt 0.00015625 1
vt 0.00015625 0.995533671875
vt 0 0.995533671875
vt 0.6015625 0.078125
vt 0.96875 0.078125
vt 0.96875 0.03125
vt 0.6015625 0.03125
vt 0 1
vt 0.0017578125 1
vt 0.0017578125 0.99984375
vt 0 0.99984375
vn -0.8191520442889916 -0.28678821817552425 0.49673176489215404
vn -0.5198367907256849 0.7372000890237197 -0.4316314860519799
vn 0.8191520442889916 0.28678821817552425 -0.49673176489215404
vn 0.5198367907256849 -0.7372000890237197 0.4316314860519799
vn 0.24240387650610434 0.6117912606920175 0.7529620269281083
vn -0.24240387650610434 -0.6117912606920175 -0.7529620269281083
usemtl none
f 316/920/230 319/919/230 317/918/230 314/917/230
usemtl m_386ca4f1-58b6-72ad-bfad-1068213d77f8
f 315/924/231 316/923/231 314/922/231 313/921/231
f 320/928/232 315/927/232 313/926/232 318/925/232
usemtl none
f 319/932/233 320/931/233 318/930/233 317/929/233
usemtl m_386ca4f1-58b6-72ad-bfad-1068213d77f8
f 318/936/234 313/935/234 314/934/234 317/933/234
usemtl none
f 319/940/235 316/939/235 315/938/235 320/937/235
o piston_ring2_1
v 0.22088374935453392 0.5510750704558389 0.6758999463201752
v 0.22088374935453384 0.3345687195097296 0.5508999463201748
v 0.23163830753611608 0.5433955200406296 0.6892013178186044
v 0.231638307536116 0.32688916909452026 0.564201317818604
v 0.17992614714008423 0.3202293086009534 0.5757365345647826
v 0.1799261471400843 0.5367356595470627 0.7007365345647829
v 0.19068070532166637 0.31254975818574404 0.5890379060632117
v 0.19068070532166645 0.5290561091318534 0.7140379060632122
vt 0.8515625 1
vt 0.8515625 0.5
vt 0.7265625 0.5
vt 0.7265625 1
vt 0.8515625 1
vt 1 1
vt 1 0.296875
vt 0.8515625 0.296875
vn 3.885780586188047e-16 0.8660254037844379 0.5000000000000016
vn -0.5735764363510466 0.4095760221444973 -0.7094064799162212
usemtl m_386ca4f1-58b6-72ad-bfad-1068213d77f8
f 328/944/236 323/943/236 321/942/236 326/941/236
f 326/948/237 321/947/237 322/946/237 325/945/237
o piston_ring1_1
v 0.17992602955232515 0.536532592555146 0.7006195069121232
v 0.17992602955232506 0.32110877336376703 0.5762445069121227
v 0.19839117492130387 0.5349046408895185 0.7034392019092562
v 0.19839117492130381 0.31948082169813957 0.5790642019092558
v 0.17124362066897858 0.29648857953846175 0.6188879335097449
v 0.17124362066897864 0.5119123987298406 0.7432629335097453
v 0.1897087660379573 0.2948606278728343 0.621707628506878
v 0.1897087660379574 0.5102844470642132 0.7460826285068785
vt 0.8515625 1
vt 0.8515625 0.5
vt 0.7265625 0.5
vt 0.7265625 1
vt 0.8515625 1
vt 1 1
vt 1 0.296875
vt 0.8515625 0.296875
vn 4.163336342344337e-16 0.8660254037844378 0.5000000000000017
vn -0.9848077530122081 0.08682408883346536 -0.1503837331804344
usemtl m_386ca4f1-58b6-72ad-bfad-1068213d77f8
f 336/952/238 331/951/238 329/950/238 334/949/238
f 334/956/239 329/955/239 330/954/239 333/953/239
o piston_ring0_1
v 0.17124366803668328 0.5121152666028982 0.743380306046386
v 0.17124366803668323 0.2956089156567888 0.6183803060463857
v 0.18660276886710192 0.5174925456936893 0.7340665854546582
v 0.18660276886710186 0.3009861947475799 0.6090665854546577
v 0.1999224898542356 0.27513011454956393 0.6538506300421968
v 0.19992248985423566 0.49163646549567336 0.7788506300421971
v 0.21528159068465424 0.28050739364035504 0.6445369094504689
v 0.2152815906846543 0.4970137445864644 0.7695369094504693
vt 0.8515625 1
vt 0.8515625 0.5
vt 0.7265625 0.5
vt 0.7265625 1
vt 0.8515625 1
vt 1 1
vt 1 0.296875
vt 0.8515625 0.296875
vn 2.4980018054066017e-16 0.8660254037844379 0.5000000000000014
vn -0.8191520442889915 -0.286788218175524 0.49673176489215415
usemtl m_386ca4f1-58b6-72ad-bfad-1068213d77f8
f 344/960/240 339/959/240 337/958/240 342/957/240
f 342/964/241 337/963/241 338/962/241 341/961/241
o piston_ring7_1
v 0.19992267443004547 0.4914334319977819 0.7787335443761838
v 0.1999226744300454 0.2760096128064029 0.6543585443761833
v 0.20317857776130036 0.5006660046822713 0.7627422594020756
v 0.20317857776130033 0.2852421854908923 0.6383672594020753
v 0.2491630620806559 0.27166840836472966 0.6618777310352051
v 0.24916306208065592 0.4870922275561086 0.7862527310352054
v 0.2524189654119108 0.280900981049219 0.645886446061097
v 0.25241896541191083 0.496324800240598 0.7702614460610974
vt 0.8515625 1
vt 0.8515625 0.5
vt 0.7265625 0.5
vt 0.7265625 1
vt 0.8515625 1
vt 1 1
vt 1 0.296875
vt 0.8515625 0.296875
vn 1.3877787807814454e-16 0.8660254037844379 0.5000000000000012
vn -0.17364817766692986 -0.4924038765061056 0.8528685319524426
usemtl m_386ca4f1-58b6-72ad-bfad-1068213d77f8
f 352/968/242 347/967/242 345/966/242 350/965/242
f 350/972/243 345/971/243 346/970/243 349/969/243
o piston_ring6_1
v 0.2491632757425646 0.48729522594397284 0.7863698775135699
v 0.24916327574256458 0.2707888749978634 0.6613698775135697
v 0.23840871756098245 0.4949747763591822 0.7730685060151408
v 0.23840871756098245 0.27846842541307276 0.6480685060151404
v 0.2901208779570142 0.28512828590663963 0.6365332892689619
v 0.29012087795701424 0.501634636852749 0.7615332892689622
v 0.279366319775432 0.2928078363218489 0.6232319177705328
v 0.2793663197754321 0.5093141872679584 0.748231917770533
vt 0.8515625 1
vt 0.8515625 0.5
vt 0.7265625 0.5
vt 0.7265625 1
vt 0.8515625 1
vt 1 1
vt 1 0.296875
vt 0.8515625 0.296875
vn 1.3877787807814454e-16 0.866025403784438 0.5000000000000013
vn 0.5735764363510466 -0.40957602214449695 0.7094064799162215
usemtl m_386ca4f1-58b6-72ad-bfad-1068213d77f8
f 360/976/244 355/975/244 353/974/244 358/973/244
f 358/980/245 353/979/245 354/978/245 357/977/245
o piston_ring4_1
v 0.2988033570604152 0.5262550297969135 0.7188895177873591
v 0.29880335706041516 0.30974867885080415 0.5938895177873588
v 0.2834442562299966 0.5208777507061225 0.7282032383790871
v 0.2834442562299965 0.30437139976001304 0.6032032383790866
v 0.2701245352428628 0.33022747995802904 0.5584191937915477
v 0.2701245352428629 0.5467338309041384 0.683419193791548
v 0.25476543441244415 0.3248502008672379 0.5677329143832756
v 0.25476543441244426 0.5413565518133474 0.6927329143832759
vt 0.8515625 1
vt 0.8515625 0.5
vt 0.7265625 0.5
vt 0.7265625 1
vt 0.8515625 1
vt 1 1
vt 1 0.296875
vt 0.8515625 0.296875
vn 3.6082248300317583e-16 0.8660254037844379 0.5000000000000016
vn 0.8191520442889916 0.286788218175524 -0.49673176489215415
usemtl m_386ca4f1-58b6-72ad-bfad-1068213d77f8
f 368/984/246 363/983/246 361/982/246 366/981/246
f 366/988/247 361/987/247 362/986/247 365/985/247
o piston_ring3_1
v 0.27012435066705304 0.5465309149940061 0.6833019044575613
v 0.27012435066705304 0.33110709580262715 0.558926904457561
v 0.2668684473357982 0.5372983423095168 0.6992931894316695
v 0.2668684473357981 0.3218745231181378 0.5749181894316692
v 0.22088396301644259 0.3354483002443004 0.5514077177985393
v 0.22088396301644259 0.5508721194356794 0.6757827177985396
v 0.21762805968518767 0.32621572755981104 0.5673990027726474
v 0.2176280596851877 0.54163954675119 0.6917740027726478
vt 0.8515625 1
vt 0.8515625 0.5
vt 0.7265625 0.5
vt 0.7265625 1
vt 0.8515625 1
vt 1 1
vt 1 0.296875
vt 0.8515625 0.296875
vn -2.775557561562892e-17 0.866025403784438 0.5000000000000014
vn 0.17364817766692978 0.49240387650610545 -0.8528685319524426
usemtl m_386ca4f1-58b6-72ad-bfad-1068213d77f8
f 376/992/248 371/991/248 369/990/248 374/989/248
f 374/996/249 369/995/249 370/994/249 373/993/249
o piston_ring5_1
v 0.2901209955447734 0.501431754436642 0.761415941921622
v 0.29012099554477333 0.28600793524526313 0.6370409419216215
v 0.2716558501757947 0.5030597061022695 0.7585962469244889
v 0.2716558501757946 0.2876358869108906 0.6342212469244884
v 0.2988034044281198 0.3106281290705684 0.5943975153239994
v 0.2988034044281199 0.5260519482619473 0.7187725153239999
v 0.28033825905914106 0.3122560807361959 0.5915778203268662
v 0.28033825905914117 0.5276798999275748 0.7159528203268667
vt 0.8515625 1
vt 0.8515625 0.5
vt 0.7265625 0.5
vt 0.7265625 1
vt 0.8515625 1
vt 1 1
vt 1 0.296875
vt 0.8515625 0.296875
vn 2.4980018054066027e-16 0.8660254037844378 0.5000000000000018
vn 0.9848077530122084 -0.08682408883346551 0.15038373318043444
usemtl m_386ca4f1-58b6-72ad-bfad-1068213d77f8
f 384/1000/250 379/999/250 377/998/250 382/997/250
f 382/1004/251 377/1003/251 378/1002/251 381/1001/251
o piston_cover_1
v 0.24538373350843126 0.5480645087153534 0.6799631422140192
v 0.17626777977154762 0.5238667528067935 0.7218748848767946
v 0.24538373350843126 0.5467113440219403 0.6791818922140191
v 0.17626777977154762 0.5225135881133804 0.7210936348767947
v 0.22466329158866724 0.4893087759383516 0.7817310566197259
v 0.2937792453255509 0.5135065318469114 0.7398193139569504
v 0.22466329158866724 0.48795561124493847 0.7809498066197259
v 0.2937792453255509 0.5121533671534984 0.7390380639569505
vt 0.6015625 0.5
vt 0.8515625 0.5
vt 0.8515625 0.25
vt 0.6015625 0.25
vn 8.326672684688672e-17 0.8660254037844378 0.5000000000000016
usemtl m_386ca4f1-58b6-72ad-bfad-1068213d77f8
f 390/1008/252 385/1007/252 386/1006/252 389/1005/252
o stator_ring2
v 0.721662624200083 0.46152631354576207 0.21930419304306442
v 0.7856588776601605 0.48393164309072484 0.18049702391086486
v 0.7324171823816652 0.4538467631305527 0.23260556454149361
v 0.7964134358417426 0.4762520926755155 0.19379839540929406
v 0.7856588776601604 0.4406303729015029 0.15549702391086476
v 0.721662624200083 0.4182250433565401 0.19430419304306434
v 0.7964134358417426 0.4329508224862936 0.16879839540929395
v 0.7324171823816651 0.4105454929413308 0.2076055645414935
vt 0.3515625 0.9140625
vt 0.3515625 0.6953125
vt 0.25 0.6953125
vt 0.25 0.9140625
vt 0.3515625 0.9140625
vt 0.3515625 0.6953125
vt 0.25 0.6953125
vt 0.25 0.9140625
vt 0 0.578125
vt 0.25 0.578125
vt 0.25 0.328125
vt 0 0.328125
vn 0.8191520442889914 0.28678821817552397 -0.4967317648921544
vn -0.8191520442889914 -0.28678821817552397 0.4967317648921544
vn -0.5735764363510468 0.40957602214449707 -0.7094064799162213
usemtl m_386ca4f1-58b6-72ad-bfad-1068213d77f8
f 396/1012/253 399/1011/253 397/1010/253 394/1009/253
f 400/1016/254 395/1015/254 393/1014/254 398/1013/254
f 398/1020/255 393/1019/255 394/1018/255 397/1017/255
o stator_ring1
v 0.7218546609975378 0.4182920499409626 0.19418772985322585
v 0.7848269744022541 0.440338894213206 0.15600147542714146
v 0.7294592820163998 0.4243437709352002 0.21022234591247033
v 0.7924315954211161 0.4463906152074436 0.17203609148638593
v 0.8051059637858861 0.395239573294927 0.16340511252579965
v 0.7421336503811699 0.3731927290226836 0.20159136695188404
v 0.812710584804748 0.4012912942891646 0.17943972858504414
v 0.7497382714000318 0.3792444500169212 0.2176259830111285
vt 0.3515625 0.9140625
vt 0.3515625 0.6953125
vt 0.25 0.6953125
vt 0.25 0.9140625
vt 0.3515625 0.9140625
vt 0.3515625 0.6953125
vt 0.25 0.6953125
vt 0.25 0.9140625
vt 0 0.578125
vt 0.25 0.578125
vt 0.25 0.328125
vt 0 0.328125
vn 0.8191520442889914 0.2867882181755239 -0.4967317648921545
vn -0.8191520442889914 -0.2867882181755239 0.4967317648921545
vn -0.4055797876726395 -0.3227584530260087 -0.8551795231597131
usemtl m_386ca4f1-58b6-72ad-bfad-1068213d77f8
f 404/1024/256 407/1023/256 405/1022/256 402/1021/256
f 408/1028/257 403/1027/257 401/1026/257 406/1025/257
f 406/1032/258 401/1031/258 402/1030/258 405/1029/258
o stator_ring0
v 0.741941777592547 0.37312535769193145 0.20170789001955222
v 0.8059380310526244 0.3955306872368942 0.1629007208873527
v 0.741941777592547 0.3893633340128897 0.21108289001955227
v 0.8059380310526244 0.41176866355785247 0.1722757208873527
v 0.8346168528701767 0.37505188612966933 0.19837104488316376
v 0.7706205994100993 0.35264655658470656 0.23717821401536335
v 0.8346168528701767 0.3912898624506276 0.20774604488316384
v 0.7706205994100993 0.3688845329056648 0.2465532140153634
vt 0.3515625 0.9140625
vt 0.3515625 0.6953125
vt 0.25 0.6953125
vt 0.25 0.9140625
vt 0.3515625 0.9140625
vt 0.3515625 0.6953125
vt 0.25 0.6953125
vt 0.25 0.9140625
vt 0 0.578125
vt 0.25 0.578125
vt 0.25 0.328125
vt 0 0.328125
vn 0.8191520442889915 0.28678821817552386 -0.49673176489215426
vn -0.8191520442889915 -0.28678821817552386 0.49673176489215426
vn -4.440892098500625e-16 -0.866025403784438 -0.5000000000000013
usemtl m_386ca4f1-58b6-72ad-bfad-1068213d77f8
f 412/1036/259 415/1035/259 413/1034/259 410/1033/259
f 416/1040/260 411/1039/260 409/1038/260 414/1037/260
f 414/1044/261 409/1043/261 410/1042/261 413/1041/261
o stator_ring7
v 0.7708127041422367 0.3527137622906248 0.2370619778183225
v 0.8337850175469529 0.3747606065628682 0.19887572339223814
v 0.7632080831233747 0.36962600763497927 0.2342856139063257
v 0.8261803965280909 0.3916728519072227 0.19609935948024132
v 0.8540640069305849 0.3908985292141686 0.24163469955022385
v 0.7910916935258686 0.3688516849419252 0.27982095397630824
v 0.846459385911723 0.4078107745585231 0.23885833563822706
v 0.7834870725070068 0.3857639302862797 0.2770445900643114
vt 0.3515625 0.9140625
vt 0.3515625 0.6953125
vt 0.25 0.6953125
vt 0.25 0.9140625
vt 0.3515625 0.9140625
vt 0.3515625 0.6953125
vt 0.25 0.6953125
vt 0.25 0.9140625
vt 0 0.578125
vt 0.25 0.578125
vt 0.25 0.328125
vt 0 0.328125
vn 0.8191520442889916 0.28678821817552375 -0.49673176489215404
vn -0.8191520442889916 -0.28678821817552375 0.49673176489215404
vn 0.40557978767263886 -0.9019864183655796 0.1480727419731638
usemtl m_386ca4f1-58b6-72ad-bfad-1068213d77f8
f 420/1048/262 423/1047/262 421/1046/262 418/1045/262
f 424/1052/263 419/1051/263 417/1050/263 422/1049/263
f 422/1056/264 417/1055/264 418/1054/264 421/1053/264
o stator_ring6
v 0.7908997528025633 0.3687846097534502 0.27993753599185134
v 0.8548960062626407 0.39118993929841295 0.2411303668596518
v 0.7801451946209811 0.3764641601686595 0.26663616449342215
v 0.8441414480810586 0.3988694897136223 0.2278289953612226
v 0.8548960062626407 0.4344912094876349 0.2661303668596519
v 0.7908997528025633 0.4120858799426721 0.30493753599185147
v 0.8441414480810586 0.44217075990284427 0.2528289953612227
v 0.7801451946209812 0.41976543035788144 0.2916361644934223
vt 0.3515625 0.9140625
vt 0.3515625 0.6953125
vt 0.25 0.6953125
vt 0.25 0.9140625
vt 0.3515625 0.9140625
vt 0.3515625 0.6953125
vt 0.25 0.6953125
vt 0.25 0.9140625
vt 0 0.578125
vt 0.25 0.578125
vt 0.25 0.328125
vt 0 0.328125
vn 0.8191520442889916 0.28678821817552375 -0.49673176489215404
vn -0.8191520442889916 -0.28678821817552375 0.49673176489215404
vn 0.5735764363510464 -0.4095760221444972 0.7094064799162215
usemtl m_386ca4f1-58b6-72ad-bfad-1068213d77f8
f 428/1060/265 431/1059/265 429/1058/265 426/1057/265
f 432/1064/266 427/1063/266 425/1062/266 430/1061/266
f 430/1068/267 425/1067/267 426/1066/267 429/1065/267
o stator_ring4
v 0.7706205994100994 0.4571855656072808 0.29753383901536357
v 0.8346168528701768 0.4795908951522436 0.25872666988316395
v 0.7706205994100993 0.44094758928632255 0.2881588390153635
v 0.8346168528701768 0.4633529188312854 0.24935166988316393
v 0.8059380310526245 0.5000696962594685 0.22325634588735288
v 0.741941777592547 0.4776643667145057 0.26206351501955244
v 0.8059380310526244 0.48383171993851026 0.2138813458873528
v 0.741941777592547 0.46142639039354744 0.25268851501955236
vt 0.3515625 0.9140625
vt 0.3515625 0.6953125
vt 0.25 0.6953125
vt 0.25 0.9140625
vt 0.3515625 0.9140625
vt 0.3515625 0.6953125
vt 0.25 0.6953125
vt 0.25 0.9140625
vt 0 0.578125
vt 0.25 0.578125
vt 0.25 0.328125
vt 0 0.328125
vn 0.8191520442889914 0.2867882181755239 -0.49673176489215437
vn -0.8191520442889914 -0.2867882181755239 0.49673176489215437
vn 4.163336342344336e-16 0.866025403784438 0.5000000000000013
usemtl m_386ca4f1-58b6-72ad-bfad-1068213d77f8
f 436/1072/268 439/1071/268 437/1070/268 434/1069/268
f 440/1076/269 435/1075/269 433/1074/269 438/1073/269
f 438/1080/270 433/1079/270 434/1078/270 437/1077/270
o stator_ring3
v 0.7421336503811699 0.4777315929858571 0.26194690820180017
v 0.8051059637858862 0.4997784372581005 0.2237606537757158
v 0.7497382714000318 0.4608193476415027 0.264723272113797
v 0.812710584804748 0.4828661919137461 0.2265370176877126
v 0.7848269744022541 0.4836405146068001 0.18100167761773012
v 0.7218546609975379 0.46159367033455667 0.21918793204381445
v 0.7924315954211161 0.4667282692624456 0.18377804152972688
v 0.7294592820163998 0.44468142499020225 0.22196429595581124
vt 0.3515625 0.9140625
vt 0.3515625 0.6953125
vt 0.25 0.6953125
vt 0.25 0.9140625
vt 0.3515625 0.9140625
vt 0.3515625 0.6953125
vt 0.25 0.6953125
vt 0.25 0.9140625
vt 0 0.578125
vt 0.25 0.578125
vt 0.25 0.328125
vt 0 0.328125
vn 0.8191520442889917 0.28678821817552397 -0.4967317648921541
vn -0.8191520442889917 -0.28678821817552397 0.4967317648921541
vn -0.4055797876726388 0.9019864183655796 -0.1480727419731639
usemtl m_386ca4f1-58b6-72ad-bfad-1068213d77f8
f 444/1084/271 447/1083/271 445/1082/271 442/1081/271
f 448/1088/272 443/1087/272 441/1086/272 446/1085/272
f 446/1092/273 441/1091/273 442/1090/273 445/1089/273
o stator_ring5
v 0.7910916935258687 0.4121533053355193 0.30482115616689687
v 0.8540640069305849 0.4342001496077627 0.26663490174081245
v 0.7834870725070068 0.40610158434128174 0.28878654010765237
v 0.846459385911723 0.42814842861352514 0.25060028568156795
v 0.833785017546953 0.4792994705260417 0.25923126464215424
v 0.7708127041422367 0.4572526262537983 0.29741751906823866
v 0.826180396528091 0.47324774953180415 0.24319664858290976
v 0.7632080831233747 0.4512009052595607 0.28138290300899416
vt 0.3515625 0.9140625
vt 0.3515625 0.6953125
vt 0.25 0.6953125
vt 0.25 0.9140625
vt 0.3515625 0.9140625
vt 0.3515625 0.6953125
vt 0.25 0.6953125
vt 0.25 0.9140625
vt 0 0.578125
vt 0.25 0.578125
vt 0.25 0.328125
vt 0 0.328125
vn 0.8191520442889914 0.2867882181755241 -0.4967317648921543
vn -0.8191520442889914 -0.2867882181755241 0.4967317648921543
vn 0.4055797876726397 0.32275845302600875 0.8551795231597132
usemtl m_386ca4f1-58b6-72ad-bfad-1068213d77f8
f 452/1096/274 455/1095/274 453/1094/274 450/1093/274
f 456/1100/275 451/1099/275 449/1098/275 454/1097/275
f 454/1104/276 449/1103/276 450/1102/276 453/1101/276
o coil1
v 0.7470090995680291 0.47093497042363547 0.26338917129960526
v 0.747009099568029 0.3753420038221544 0.20819854629960505
v 0.8058856527513003 0.49154787360500124 0.2276865756979817
v 0.8058856527513003 0.39595490700352015 0.17249595069798146
v 0.7681131275730203 0.36027216605737533 0.23430027097002248
v 0.7681131275730203 0.45586513265885636 0.2894908959700227
v 0.8269896807562915 0.3808850692387411 0.19859767536839892
v 0.8269896807562915 0.47647803584022214 0.25378830036839917
vt 0.3046875 0.6953125
vt 0.3515625 0.6953125
vt 0.3515625 0.5
vt 0.3046875 0.5
vt 0.25 0.6953125
vt 0.3515625 0.6953125
vt 0.3515625 0.5
vt 0.25 0.5
vt 0.3046875 0.6953125
vt 0.3515625 0.6953125
vt 0.3515625 0.5
vt 0.3046875 0.5
vt 0.25 0.6953125
vt 0.3515625 0.6953125
vt 0.3515625 0.5
vt 0.25 0.5
vt 0 1
vt 0.0390625 1
vt 0.0390625 0.9375
vt 0 0.9375
vt 0 1
vt 0.0390625 1
vt 0.0390625 0.9375
vt 0 0.9375
vn -2.4980018054066017e-16 -0.8660254037844379 -0.5000000000000014
vn -0.5735764363510466 0.4095760221444971 -0.7094064799162213
vn 2.4980018054066017e-16 0.8660254037844379 0.5000000000000014
vn 0.5735764363510466 -0.4095760221444971 0.7094064799162213
vn -0.8191520442889915 -0.286788218175524 0.49673176489215415
vn 0.8191520442889915 0.286788218175524 -0.49673176489215415
usemtl m_386ca4f1-58b6-72ad-bfad-1068213d77f8
f 460/1108/277 463/1107/277 461/1106/277 458/1105/277
f 459/1112/278 460/1111/278 458/1110/278 457/1109/278
f 464/1116/279 459/1115/279 457/1114/279 462/1113/279
f 463/1120/280 464/1119/280 462/1118/280 461/1117/280
f 462/1124/281 457/1123/281 458/1122/281 461/1121/281
f 463/1128/282 460/1127/282 459/1126/282 464/1125/282
o coil2
v 0.7271849966322391 0.42272427037832644 0.19971755324654367
v 0.7904970806472131 0.3775147570839891 0.27802272725779614
v 0.7835016996771074 0.44244096037789377 0.16556724441020804
v 0.8468137836920814 0.3972314470835564 0.24387241842146054
v 0.7904970806472131 0.40937907928448275 0.2964196022577962
v 0.7271849966322391 0.4545885925788201 0.2181144282465437
v 0.8468137836920814 0.42909576928405 0.2622692934214606
v 0.7835016996771074 0.4743052825783874 0.1839641194102081
vt 0.3046875 0.6953125
vt 0.3515625 0.6953125
vt 0.3515625 0.5
vt 0.3046875 0.5
vt 0.25 0.6953125
vt 0.3515625 0.6953125
vt 0.3515625 0.5
vt 0.25 0.5
vt 0.3046875 0.6953125
vt 0.3515625 0.6953125
vt 0.3515625 0.5
vt 0.3046875 0.5
vt 0.25 0.6953125
vt 0.3515625 0.6953125
vt 0.3515625 0.5
vt 0.25 0.5
vt 0 1
vt 0.0390625 1
vt 0.0390625 0.9375
vt 0 0.9375
vt 0 1
vt 0.0390625 1
vt 0.0390625 0.9375
vt 0 0.9375
vn 0.5735764363510466 -0.4095760221444973 0.7094064799162212
vn -3.885780586188047e-16 -0.8660254037844379 -0.5000000000000016
vn -0.5735764363510466 0.4095760221444973 -0.7094064799162212
vn 3.885780586188047e-16 0.8660254037844379 0.5000000000000016
vn -0.8191520442889916 -0.2867882181755241 0.4967317648921542
vn 0.8191520442889916 0.2867882181755241 -0.4967317648921542
usemtl m_386ca4f1-58b6-72ad-bfad-1068213d77f8
f 468/1132/283 471/1131/283 469/1130/283 466/1129/283
f 467/1136/284 468/1135/284 466/1134/284 465/1133/284
f 472/1140/285 467/1139/285 465/1138/285 470/1137/285
f 471/1144/286 472/1143/286 470/1142/286 469/1141/286
f 470/1148/287 465/1147/287 466/1146/287 469/1145/287
f 471/1152/288 468/1151/288 467/1150/288 472/1149/288
o coil3
v 0.7302753610835675 0.4603432286778989 0.22338757640443438
v 0.775043765021608 0.3607808403356832 0.2397320307543597
v 0.7840322139900324 0.4791637054956676 0.19078955433338685
v 0.8288006179280729 0.3796013171534519 0.20713400868331214
v 0.7899665663342882 0.3726563341667089 0.27119729233461737
v 0.7451981623962476 0.4722187225089246 0.25485283798469205
v 0.8437234192407531 0.3914768109844776 0.2385992702635698
v 0.7989550153027126 0.4910391993266933 0.2222548159136445
vt 0.3046875 0.6953125
vt 0.3515625 0.6953125
vt 0.3515625 0.5
vt 0.3046875 0.5
vt 0.25 0.6953125
vt 0.3515625 0.6953125
vt 0.3515625 0.5
vt 0.25 0.5
vt 0.3046875 0.6953125
vt 0.3515625 0.6953125
vt 0.3515625 0.5
vt 0.3046875 0.5
vt 0.25 0.6953125
vt 0.3515625 0.6953125
vt 0.3515625 0.5
vt 0.25 0.5
vt 0 1
vt 0.0390625 1
vt 0.0390625 0.9375
vt 0 0.9375
vt 0 1
vt 0.0390625 1
vt 0.0390625 0.9375
vt 0 0.9375
vn 0.40557978767263914 -0.9019864183655795 0.14807274197316384
vn -0.4055797876726394 -0.3227584530260086 -0.8551795231597134
vn -0.40557978767263914 0.9019864183655795 -0.14807274197316384
vn 0.4055797876726394 0.3227584530260086 0.8551795231597134
vn -0.8191520442889916 -0.2867882181755241 0.4967317648921542
vn 0.8191520442889916 0.2867882181755241 -0.4967317648921542
usemtl m_386ca4f1-58b6-72ad-bfad-1068213d77f8
f 476/1156/289 479/1155/289 477/1154/289 474/1153/289
f 475/1160/290 476/1159/290 474/1158/290 473/1157/290
f 480/1164/291 475/1163/291 473/1162/291 478/1161/291
f 479/1168/292 480/1167/292 478/1166/292 477/1165/292
f 478/1172/293 473/1171/293 474/1170/293 477/1169/293
f 479/1176/294 476/1175/294 475/1174/294 480/1173/294
o coil4
v 0.7451981623962476 0.3820928092853961 0.2028186177241268
v 0.7899665663342882 0.4177192907784732 0.29721440246490005
v 0.7989550153027125 0.4009132861031648 0.17022059565307923
v 0.8437234192407531 0.43653976759624197 0.2646163803938525
v 0.775043765021608 0.4509067535592117 0.2917662510149249
v 0.7302753610835675 0.4152802720661346 0.19737046627415172
v 0.828800617928073 0.46972723037698044 0.25916822894387737
v 0.7840322139900324 0.4341007488839033 0.16477244420310416
vt 0.3046875 0.6953125
vt 0.3515625 0.6953125
vt 0.3515625 0.5
vt 0.3046875 0.5
vt 0.25 0.6953125
vt 0.3515625 0.6953125
vt 0.3515625 0.5
vt 0.25 0.5
vt 0.3046875 0.6953125
vt 0.3515625 0.6953125
vt 0.3515625 0.5
vt 0.3046875 0.5
vt 0.25 0.6953125
vt 0.3515625 0.6953125
vt 0.3515625 0.5
vt 0.25 0.5
vt 0 1
vt 0.0390625 1
vt 0.0390625 0.9375
vt 0 0.9375
vt 0 1
vt 0.0390625 1
vt 0.0390625 0.9375
vt 0 0.9375
vn 0.40557978767263947 0.3227584530260084 0.8551795231597132
vn 0.40557978767263897 -0.9019864183655795 0.14807274197316353
vn -0.40557978767263947 -0.3227584530260084 -0.8551795231597132
vn -0.40557978767263897 0.9019864183655795 -0.14807274197316353
vn -0.8191520442889915 -0.2867882181755241 0.49673176489215415
vn 0.8191520442889915 0.2867882181755241 -0.49673176489215415
usemtl m_386ca4f1-58b6-72ad-bfad-1068213d77f8
f 484/1180/295 487/1179/295 485/1178/295 482/1177/295
f 483/1184/296 484/1183/296 482/1182/296 481/1181/296
f 488/1188/297 483/1187/297 481/1186/297 486/1185/297
f 487/1192/298 488/1191/298 486/1190/298 485/1189/298
f 486/1196/299 481/1195/299 482/1194/299 485/1193/299
f 487/1200/300 484/1199/300 483/1198/300 488/1197/300
o stator_cover_front
v 0.7322989719744168 0.46904535795589053 0.24065582610035513
v 0.7322989719744168 0.3959744645115785 0.19846832610035495
v 0.7335788970436183 0.46949346454678975 0.23987968271771118
v 0.7335788970436182 0.3964225711024777 0.197692182717711
v 0.7806944837915364 0.3614164876431365 0.2583244978432862
v 0.7806944837915364 0.43448738108744855 0.30051199784328636
v 0.7819744088607379 0.3618645942340357 0.2575483544606423
v 0.7819744088607379 0.4349354876783478 0.29973585446064244
vt 0.0625 0.25
vt 0.1953125 0.25
vt 0.1953125 0.109375
vt 0.0625 0.109375
vn -0.8191520442889915 -0.286788218175524 0.49673176489215415
usemtl m_386ca4f1-58b6-72ad-bfad-1068213d77f8
f 494/1204/301 489/1203/301 490/1202/301 493/1201/301
o stator_cover_back
v 0.8434108121824123 0.4564446040415121 0.26248097209373084
v 0.8434108121824123 0.38337371059720005 0.22029347209373068
v 0.8421308871132109 0.4559964974506129 0.26325711547637476
v 0.8421308871132108 0.3829256040063008 0.2210696154763746
v 0.7950153003652927 0.417931687465642 0.16043730035079942
v 0.7950153003652928 0.4910025809099541 0.2026248003507996
v 0.7937353752960913 0.4174835808747428 0.16121344373344337
v 0.7937353752960913 0.49055447431905486 0.20340094373344353
vt 0.0625 0.25
vt 0.1953125 0.25
vt 0.1953125 0.109375
vt 0.0625 0.109375
vn 0.8191520442889915 0.28678821817552413 -0.4967317648921543
usemtl m_386ca4f1-58b6-72ad-bfad-1068213d77f8
f 502/1208/302 497/1207/302 498/1206/302 501/1205/302
o generator_power_coupling0
v 0.8117254439956105 0.40921927058844043 0.18396514903883296
v 0.8117254439956105 0.40515977650820095 0.18162139903883298
v 0.8219648445492229 0.4128041233156345 0.17775600197768104
v 0.8219648445492229 0.408744629235395 0.17541225197768107
v 0.8144140835410061 0.40323988890439866 0.18494674191344024
v 0.8144140835410061 0.40729938298463814 0.18729049191344022
v 0.8246534840946184 0.40682474163159266 0.17873759485228832
v 0.8246534840946184 0.4108842357118322 0.18108134485228833
vt 0.0625 1
vt 0.09375 1
vt 0.09375 0.984375
vt 0.0625 0.984375
vt 0.0625 1
vt 0.09375 1
vt 0.09375 0.984375
vt 0.0625 0.984375
vt 0.0625 1
vt 0.09375 1
vt 0.09375 0.984375
vt 0.0625 0.984375
vt 0.0625 1
vt 0.09375 1
vt 0.09375 0.984375
vt 0.0625 0.984375
vn -2.4980018054066017e-16 -0.8660254037844379 -0.5000000000000014
vn -0.5735764363510466 0.4095760221444971 -0.7094064799162213
vn 2.4980018054066017e-16 0.8660254037844379 0.5000000000000014
vn 0.5735764363510466 -0.4095760221444971 0.7094064799162213
usemtl m_386ca4f1-58b6-72ad-bfad-1068213d77f8
f 508/1212/303 511/1211/303 509/1210/303 506/1209/303
f 507/1216/304 508/1215/304 506/1214/304 505/1213/304
f 512/1220/305 507/1219/305 505/1218/305 510/1217/305
f 511/1224/306 512/1223/306 510/1222/306 509/1221/306
o power_supply_cable_red_1
v 0.6646786976983328 0.3825346343093751 0.2301842948556697
v 0.6646786976983328 0.3784751402291356 0.22784054485566974
v 0.8100781855596288 0.4334395430355306 0.14201440658731235
v 0.8100781855596288 0.4293800489552911 0.13967065658731237
v 0.6673673372437283 0.3765552526253333 0.23116588773027696
v 0.6673673372437283 0.3806147467055728 0.23350963773027697
v 0.8127668251050243 0.4274601613514888 0.14299599946191963
v 0.8127668251050243 0.4315196554317283 0.1453397494619196
vt 0.0625 0.96875
vt 0.0703125 0.96875
vt 0.0703125 0.9609375
vt 0.0625 0.9609375
vt 0.0625 0.96875
vt 0.0703125 0.96875
vt 0.0703125 0.9609375
vt 0.0625 0.9609375
vt 0.0625 0.96875
vt 0.0703125 0.96875
vt 0.0703125 0.9609375
vt 0.0625 0.9609375
vt 0.0625 0.96875
vt 0.0703125 0.96875
vt 0.0703125 0.9609375
vt 0.0625 0.9609375
vn -2.4980018054066017e-16 -0.8660254037844379 -0.5000000000000014
vn -0.5735764363510466 0.4095760221444971 -0.7094064799162213
vn 2.4980018054066017e-16 0.8660254037844379 0.5000000000000014
vn 0.5735764363510466 -0.4095760221444971 0.7094064799162213
usemtl m_386ca4f1-58b6-72ad-bfad-1068213d77f8
f 516/1228/307 519/1227/307 517/1226/307 514/1225/307
f 515/1232/308 516/1231/308 514/1230/308 513/1229/308
f 520/1236/309 515/1235/309 513/1234/309 518/1233/309
f 519/1240/310 520/1239/310 518/1238/310 517/1237/310
o power_supply_cable_red_0
v 0.8101826274452757 0.43344904523947975 0.14193544828728866
v 0.8101826274452757 0.42938955115924027 0.13959169828728868
v 0.8236258251722534 0.4238496072204681 0.1585621626603251
v 0.8236258251722534 0.41979011314022857 0.15621841266032513
v 0.8063428522376709 0.42804523138654244 0.14192012843522075
v 0.8063428522376709 0.4321047254667819 0.14426387843522073
v 0.8197860499646485 0.4184457933675308 0.15854684280825718
v 0.8197860499646485 0.4225052874477703 0.16089059280825718
vt 0.0625 0.96875
vt 0.0703125 0.96875
vt 0.0703125 0.9609375
vt 0.0625 0.9609375
vt 0.0625 0.96875
vt 0.0703125 0.96875
vt 0.0703125 0.9609375
vt 0.0625 0.9609375
vt 0.0625 0.96875
vt 0.0703125 0.96875
vt 0.0703125 0.9609375
vt 0.0625 0.9609375
vt 0.0625 0.96875
vt 0.0703125 0.96875
vt 0.0703125 0.9609375
vt 0.0625 0.9609375
vn -2.4980018054066017e-16 -0.866025403784438 -0.5000000000000014
vn 0.8191520442889914 0.28678821817552413 -0.4967317648921543
vn 2.4980018054066017e-16 0.866025403784438 0.5000000000000014
vn -0.8191520442889914 -0.28678821817552413 0.4967317648921543
usemtl m_386ca4f1-58b6-72ad-bfad-1068213d77f8
f 524/1244/311 527/1243/311 525/1242/311 522/1241/311
f 523/1248/312 524/1247/312 522/1246/312 521/1245/312
f 528/1252/313 523/1251/313 521/1250/313 526/1249/313
f 527/1256/314 528/1255/314 526/1254/314 525/1253/314
o power_supply_cable_black_0
v 0.8126136881766862 0.43716135920687915 0.13550553188210548
v 0.8126136881766862 0.4331018651266396 0.1331617818821055
v 0.8287455254490594 0.42564203358406516 0.1554575891297492
v 0.8287455254490594 0.4215825395038257 0.15311383912974919
v 0.8087739129690816 0.43175754535394184 0.13549021203003744
v 0.8087739129690816 0.4358170394341814 0.13783396203003745
v 0.8249057502414548 0.4202382197311279 0.15544226927768115
v 0.8249057502414548 0.42429771381136744 0.15778601927768113
vt 0.0703125 0.96875
vt 0.078125 0.96875
vt 0.078125 0.9609375
vt 0.0703125 0.9609375
vt 0.0703125 0.96875
vt 0.078125 0.96875
vt 0.078125 0.9609375
vt 0.0703125 0.9609375
vt 0.0703125 0.96875
vt 0.078125 0.96875
vt 0.078125 0.9609375
vt 0.0703125 0.9609375
vt 0.0703125 0.96875
vt 0.078125 0.96875
vt 0.078125 0.9609375
vt 0.0703125 0.9609375
vn -2.4980018054066017e-16 -0.866025403784438 -0.5000000000000014
vn 0.8191520442889914 0.28678821817552413 -0.4967317648921543
vn 2.4980018054066017e-16 0.866025403784438 0.5000000000000014
vn -0.8191520442889914 -0.28678821817552413 0.4967317648921543
usemtl m_386ca4f1-58b6-72ad-bfad-1068213d77f8
f 532/1260/315 535/1259/315 533/1258/315 530/1257/315
f 531/1264/316 532/1263/316 530/1262/316 529/1261/316
f 536/1268/317 531/1267/317 529/1266/317 534/1265/317
f 535/1272/318 536/1271/318 534/1270/318 533/1269/318
o power_supply_cable_black_1
v 0.6619900581529372 0.3844545219131774 0.22685895198106248
v 0.6619900581529372 0.3803950278329379 0.2245152019810625
v 0.8125092462910394 0.4371518570029299 0.13558449018212917
v 0.8125092462910394 0.43309236292269043 0.1332407401821292
v 0.6646786976983328 0.37847514022913564 0.22784054485566974
v 0.6646786976983328 0.3825346343093751 0.23018429485566974
v 0.8151978858364348 0.43117247531888814 0.13656608305673645
v 0.8151978858364348 0.4352319693991276 0.13890983305673643
vt 0.0703125 0.96875
vt 0.078125 0.96875
vt 0.078125 0.9609375
vt 0.0703125 0.9609375
vt 0.0703125 0.96875
vt 0.078125 0.96875
vt 0.078125 0.9609375
vt 0.0703125 0.9609375
vt 0.0703125 0.96875
vt 0.078125 0.96875
vt 0.078125 0.9609375
vt 0.0703125 0.9609375
vt 0.0703125 0.96875
vt 0.078125 0.96875
vt 0.078125 0.9609375
vt 0.0703125 0.9609375
vn -2.4980018054066017e-16 -0.8660254037844379 -0.5000000000000014
vn -0.5735764363510466 0.4095760221444971 -0.7094064799162213
vn 2.4980018054066017e-16 0.8660254037844379 0.5000000000000014
vn 0.5735764363510466 -0.4095760221444971 0.7094064799162213
usemtl m_386ca4f1-58b6-72ad-bfad-1068213d77f8
f 540/1276/319 543/1275/319 541/1274/319 538/1273/319
f 539/1280/320 540/1279/320 538/1278/320 537/1277/320
f 544/1284/321 539/1283/321 537/1282/321 542/1281/321
f 543/1288/322 544/1287/322 542/1286/322 541/1285/322
o generator_power_coupling1
v 0.8327194027308052 0.4051245729004252 0.19105737347611038
v 0.8354080422762007 0.4032046852966229 0.19438271635071763
v 0.8224800021771929 0.40153972017323114 0.1972665205372623
v 0.8251686417225883 0.39961983256942885 0.20059186341186955
v 0.8354080422762007 0.39914519121638337 0.19203896635071765
v 0.8327194027308052 0.40106507882018566 0.1887136234761104
v 0.8251686417225883 0.3955603384891893 0.19824811341186954
v 0.8224800021771929 0.39748022609299166 0.19492277053726229
vt 0.0625 1
vt 0.09375 1
vt 0.09375 0.984375
vt 0.0625 0.984375
vt 0.0625 1
vt 0.09375 1
vt 0.09375 0.984375
vt 0.0625 0.984375
vt 0.0625 1
vt 0.09375 1
vt 0.09375 0.984375
vt 0.0625 0.984375
vt 0.0625 1
vt 0.09375 1
vt 0.09375 0.984375
vt 0.0625 0.984375
vn 0.5735764363510465 -0.40957602214449734 0.7094064799162213
vn 3.6082248300317583e-16 0.8660254037844379 0.5000000000000017
vn -0.5735764363510465 0.40957602214449734 -0.7094064799162213
vn -3.6082248300317583e-16 -0.8660254037844379 -0.5000000000000017
usemtl m_386ca4f1-58b6-72ad-bfad-1068213d77f8
f 548/1292/323 551/1291/323 549/1290/323 546/1289/323
f 547/1296/324 548/1295/324 546/1294/324 545/1293/324
f 552/1300/325 547/1299/325 545/1298/325 550/1297/325
f 551/1304/326 552/1303/326 550/1302/326 549/1301/326
o generator_bottom_plate
v 0.6617404365527636 0.381762686940108 0.2230838469200097
v 0.6617404365527636 0.3682310400059762 0.21527134692000968
v 0.8690882977634146 0.4543559546657875 0.09734861893168315
v 0.8690882977634146 0.44082430773165565 0.08953611893168312
v 0.7298526383694504 0.31959388737631717 0.29951336641006093
v 0.7298526383694504 0.333125534310449 0.30732586641006093
v 0.9372004995801013 0.3921871551019967 0.17377813842173437
v 0.9372004995801013 0.40571880203612853 0.1815906384217344
vt 0.0546875 0.25
vt 0.125 0.25
vt 0.125 0.109375
vt 0.0546875 0.109375
vt 0.21875 0.109375
vt 0.03125 0.109375
vt 0.03125 0.328125
vt 0.21875 0.328125
vt 0.0546875 0.25
vt 0.125 0.25
vt 0.125 0.109375
vt 0.0546875 0.109375
vt 0.0546875 0.25
vt 0.125 0.25
vt 0.125 0.109375
vt 0.0546875 0.109375
vt 0.0546875 0.25
vt 0.125 0.25
vt 0.125 0.109375
vt 0.0546875 0.109375
vn -0.5735764363510466 0.4095760221444971 -0.7094064799162213
vn 2.4980018054066017e-16 0.8660254037844379 0.5000000000000014
vn 0.5735764363510466 -0.4095760221444971 0.7094064799162213
vn -0.8191520442889915 -0.286788218175524 0.49673176489215415
vn 0.8191520442889915 0.286788218175524 -0.49673176489215415
usemtl m_386ca4f1-58b6-72ad-bfad-1068213d77f8
f 555/1308/327 556/1307/327 554/1306/327 553/1305/327
f 560/1312/328 555/1311/328 553/1310/328 558/1309/328
f 559/1316/329 560/1315/329 558/1314/329 557/1313/329
f 558/1320/330 553/1319/330 554/1318/330 557/1317/330
f 559/1324/331 556/1323/331 555/1322/331 560/1321/331
o generator_bracket1
v 0.82205844035473 0.422240050242185 0.284224997124388
v 0.81043672072638 0.41817124239681974 0.29127237903879544
v 0.82205844035473 0.35187548618469955 0.2435999971243879
v 0.81043672072638 0.3478066783393343 0.25064737903879536
v 0.815813999817171 0.41433146718921515 0.29792306478800995
v 0.827435719445521 0.4184002750345804 0.2908756828736025
v 0.815813999817171 0.3439669031317297 0.2572980647880099
v 0.827435719445521 0.34803571097709496 0.2502506828736024
vt 0.328125 0.5
vt 0.375 0.5
vt 0.375 0.25
vt 0.328125 0.25
vt 0.328125 0.5
vt 0.375 0.5
vt 0.375 0.25
vt 0.328125 0.25
vt 0.328125 0.5
vt 0.375 0.5
vt 0.375 0.25
vt 0.328125 0.25
vt 0.328125 0.5
vt 0.375 0.5
vt 0.375 0.25
vt 0.328125 0.25
vt 0.328125 0.4921875
vt 0.375 0.4921875
vt 0.375 0.4375
vt 0.328125 0.4375
vn -0.8191520442889915 -0.28678821817552425 0.496731764892154
vn -0.5735764363510466 0.4095760221444971 -0.7094064799162213
vn 0.8191520442889915 0.28678821817552425 -0.496731764892154
vn 0.5735764363510466 -0.4095760221444971 0.7094064799162213
vn 8.326672684688672e-17 0.8660254037844378 0.5000000000000016
usemtl m_386ca4f1-58b6-72ad-bfad-1068213d77f8
f 564/1328/332 567/1327/332 565/1326/332 562/1325/332
f 563/1332/333 564/1331/333 562/1330/333 561/1329/333
f 568/1336/334 563/1335/334 561/1334/334 566/1333/334
f 567/1340/335 568/1339/335 566/1338/335 565/1337/335
f 566/1344/336 561/1343/336 562/1342/336 565/1341/336
o generator_bracket5
v 0.742324518909693 0.4668083950264789 0.20703035954874394
v 0.7539462385380431 0.47087720287184415 0.19998297763433648
v 0.742324518909693 0.39644383096899344 0.1664053595487439
v 0.7539462385380431 0.40051263881435867 0.15935797763433643
v 0.7485689594472521 0.4747169780794488 0.19333229188512197
v 0.736947239818902 0.47064817023408356 0.20037967379952942
v 0.7485689594472521 0.4043524140219633 0.15270729188512192
v 0.736947239818902 0.4002836061765981 0.15975467379952937
vt 0.328125 0.5
vt 0.375 0.5
vt 0.375 0.25
vt 0.328125 0.25
vt 0.328125 0.5
vt 0.375 0.5
vt 0.375 0.25
vt 0.328125 0.25
vt 0.328125 0.5
vt 0.375 0.5
vt 0.375 0.25
vt 0.328125 0.25
vt 0.328125 0.5
vt 0.375 0.5
vt 0.375 0.25
vt 0.328125 0.25
vt 0.328125 0.4921875
vt 0.375 0.4921875
vt 0.375 0.4375
vt 0.328125 0.4375
vn 0.8191520442889914 0.2867882181755239 -0.49673176489215437
vn 0.5735764363510468 -0.40957602214449707 0.7094064799162213
vn -0.8191520442889914 -0.2867882181755239 0.49673176489215437
vn -0.5735764363510468 0.40957602214449707 -0.7094064799162213
vn 4.163336342344336e-16 0.866025403784438 0.5000000000000013
usemtl m_386ca4f1-58b6-72ad-bfad-1068213d77f8
f 572/1348/337 575/1347/337 573/1346/337 570/1345/337
f 571/1352/338 572/1351/338 570/1350/338 569/1349/338
f 576/1356/339 571/1355/339 569/1354/339 574/1353/339
f 575/1360/340 576/1359/340 574/1358/340 573/1357/340
f 574/1364/341 569/1363/341 570/1362/341 573/1361/341
o generator_bracket3
v 0.7736629285376104 0.4865676503657173 0.2415563253814569
v 0.7620412089092603 0.482498842520352 0.24860370729586434
v 0.8023417503551626 0.4660888492584925 0.2770266493772679
v 0.7907200307268126 0.46202004141312725 0.28407403129167536
v 0.7620412089092603 0.4906178306808311 0.2532912072958643
v 0.7736629285376104 0.4946866385261963 0.24624382538145687
v 0.7907200307268126 0.47013902957360626 0.2887615312916753
v 0.8023417503551626 0.47420783741897155 0.28171414937726785
vt 0.328125 0.5
vt 0.375 0.5
vt 0.375 0.25
vt 0.328125 0.25
vt 0.328125 0.5
vt 0.375 0.5
vt 0.375 0.25
vt 0.328125 0.25
vt 0.328125 0.5
vt 0.375 0.5
vt 0.375 0.25
vt 0.328125 0.25
vt 0.328125 0.5
vt 0.375 0.5
vt 0.375 0.25
vt 0.328125 0.25
vt 0.328125 0.4921875
vt 0.375 0.4921875
vt 0.375 0.4375
vt 0.328125 0.4375
vn -0.8191520442889914 -0.28678821817552436 0.49673176489215415
vn -8.32667268468867e-17 -0.8660254037844378 -0.5000000000000014
vn 0.8191520442889914 0.28678821817552436 -0.49673176489215415
vn 8.32667268468867e-17 0.8660254037844378 0.5000000000000014
vn -0.5735764363510468 0.4095760221444971 -0.7094064799162214
usemtl m_386ca4f1-58b6-72ad-bfad-1068213d77f8
f 580/1368/342 583/1367/342 581/1366/342 578/1365/342
f 579/1372/343 580/1371/343 578/1370/343 577/1369/343
f 584/1376/344 579/1375/344 577/1374/344 582/1373/344
f 583/1380/345 584/1379/345 582/1378/345 581/1377/345
f 582/1384/346 577/1383/346 578/1382/346 581/1381/346
o generator_bracket2
v 0.7984884710226071 0.47116387088895817 0.273728158425654
v 0.7869691453997931 0.46713091157086484 0.28071344886944993
v 0.8235824529480151 0.41535627996014535 0.2828896966079248
v 0.8120631273252011 0.411323320642052 0.28987498705172077
v 0.790771455909224 0.4701567720679836 0.2887307568990722
v 0.802290781532038 0.47418973138607695 0.2817454664552762
v 0.8158654378346322 0.4143491811391708 0.297892295081343
v 0.8273847634574462 0.41838214045726413 0.29090700463754704
vt 0.328125 0.5
vt 0.375 0.5
vt 0.375 0.25
vt 0.328125 0.25
vt 0.328125 0.5
vt 0.375 0.5
vt 0.375 0.25
vt 0.328125 0.25
vt 0.328125 0.5
vt 0.375 0.5
vt 0.375 0.25
vt 0.328125 0.25
vt 0.328125 0.5
vt 0.375 0.5
vt 0.375 0.25
vt 0.328125 0.25
vt 0.328125 0.4921875
vt 0.375 0.4921875
vt 0.375 0.4375
vt 0.328125 0.4375
vn -0.8191520442889914 -0.2867882181755243 0.49673176489215415
vn -0.4055797876726393 -0.3227584530260085 -0.8551795231597134
vn 0.8191520442889914 0.2867882181755243 -0.49673176489215415
vn 0.4055797876726393 0.3227584530260085 0.8551795231597134
vn -0.4055797876726392 0.9019864183655794 -0.14807274197316353
usemtl m_386ca4f1-58b6-72ad-bfad-1068213d77f8
f 588/1388/347 591/1387/347 589/1386/347 586/1385/347
f 587/1392/348 588/1391/348 586/1390/348 585/1389/348
f 592/1396/349 587/1395/349 585/1394/349 590/1393/349
f 591/1400/350 592/1399/350 590/1398/350 589/1397/350
f 590/1404/351 585/1403/351 586/1402/351 589/1401/351
o generator_bracket4
v 0.7658759321482408 0.4822221488145291 0.2546393971742255
v 0.7773952577710548 0.4862551081326224 0.24765410673042954
v 0.7407819502228327 0.46225247815371046 0.20172783661472812
v 0.7523012758456468 0.4662854374718038 0.19474254617093215
v 0.7735929472616239 0.4947112308047996 0.24626592477443116
v 0.7620736216388099 0.4906782714867063 0.25325121521822713
v 0.7484989653362157 0.47474156014398106 0.19335436421493374
v 0.7369796397134017 0.4707086008258877 0.20033965465872972
vt 0.328125 0.5
vt 0.375 0.5
vt 0.375 0.25
vt 0.328125 0.25
vt 0.328125 0.5
vt 0.375 0.5
vt 0.375 0.25
vt 0.328125 0.25
vt 0.328125 0.5
vt 0.375 0.5
vt 0.375 0.25
vt 0.328125 0.25
vt 0.328125 0.5
vt 0.375 0.5
vt 0.375 0.25
vt 0.328125 0.25
vt 0.328125 0.4921875
vt 0.375 0.4921875
vt 0.375 0.4375
vt 0.328125 0.4375
vn 0.8191520442889914 0.2867882181755241 -0.4967317648921543
vn 0.40557978767263914 -0.9019864183655796 0.14807274197316372
vn -0.8191520442889914 -0.2867882181755241 0.4967317648921543
vn -0.40557978767263914 0.9019864183655796 -0.14807274197316372
vn 0.4055797876726397 0.32275845302600875 0.8551795231597132
usemtl m_386ca4f1-58b6-72ad-bfad-1068213d77f8
f 596/1408/352 599/1407/352 597/1406/352 594/1405/352
f 595/1412/353 596/1411/353 594/1410/353 593/1409/353
f 600/1416/354 595/1415/354 593/1414/354 598/1413/354
f 599/1420/355 600/1419/355 598/1418/355 597/1417/355
f 598/1424/356 593/1423/356 594/1422/356 597/1421/356
o pcb
v 0.8070877534085036 0.42319888646306314 0.15622299407369
v 0.8070877534085036 0.4209661647189315 0.15493393157369006
v 0.8746677970623453 0.4468589144625439 0.11524262347008728
v 0.8746677970623453 0.44462619271841225 0.11395356097008734
v 0.8603228164073351 0.38295239016364535 0.22077572049091443
v 0.8603228164073351 0.385185111907777 0.22206478299091437
v 0.927902860061177 0.4066124181631261 0.17979534988731172
v 0.927902860061177 0.40884513990725774 0.18108441238731166
vt 0.25 1
vt 0.28125 1
vt 0.28125 0.9140625
vt 0.25 0.9140625
vt 0.25 1
vt 0.3515625 1
vt 0.3515625 0.9140625
vt 0.25 0.9140625
vt 0.25 1
vt 0.28125 1
vt 0.28125 0.9140625
vt 0.25 0.9140625
vt 0.25 1
vt 0.3515625 1
vt 0.3515625 0.9765625
vt 0.25 0.9765625
vt 0.25 1
vt 0.3515625 1
vt 0.3515625 0.9765625
vt 0.25 0.9765625
vn -0.5735764363510466 0.4095760221444971 -0.7094064799162213
vn 2.4980018054066017e-16 0.8660254037844379 0.5000000000000014
vn 0.5735764363510466 -0.4095760221444971 0.7094064799162213
vn -0.8191520442889915 -0.286788218175524 0.49673176489215415
vn 0.8191520442889915 0.286788218175524 -0.49673176489215415
usemtl m_386ca4f1-58b6-72ad-bfad-1068213d77f8
f 603/1428/357 604/1427/357 602/1426/357 601/1425/357
f 608/1432/358 603/1431/358 601/1430/358 606/1429/358
f 607/1436/359 608/1435/359 606/1434/359 605/1433/359
f 606/1440/360 601/1439/360 602/1438/360 605/1437/360
f 607/1444/361 604/1443/361 603/1442/361 608/1441/361
o capacitor0
v 0.8273652728649742 0.43780338020345383 0.1773335188965119
v 0.8273652728649742 0.4177088845062681 0.16573195639651184
v 0.8358127783217044 0.4407608837033889 0.17221097257106158
v 0.8358127783217044 0.42066638800620315 0.16060941007106153
v 0.8332802798648444 0.41348513177790297 0.17304771072064784
v 0.8332802798648444 0.4335796274750887 0.18464927322064786
v 0.8417277853215746 0.41644263527783804 0.16792516439519753
v 0.8417277853215746 0.43653713097502383 0.17952672689519755
vt 0.0078125 0.4453125
vt 0.0078125 0.4375
vt 0 0.4375
vt 0 0.4453125
vt 0 0.6484375
vt 0.0703125 0.6484375
vt 0.0703125 0.578125
vt 0 0.578125
vt 0.0078125 0.4453125
vt 0.0078125 0.4375
vt 0 0.4375
vt 0 0.4453125
vt 0.0078125 0.4453125
vt 0.0078125 0.4375
vt 0 0.4375
vt 0 0.4453125
vt 0.0078125 0.4453125
vt 0.0078125 0.4375
vt 0 0.4375
vt 0 0.4453125
vn -0.5735764363510466 0.4095760221444971 -0.7094064799162213
vn 2.4980018054066017e-16 0.8660254037844379 0.5000000000000014
vn 0.5735764363510466 -0.4095760221444971 0.7094064799162213
vn -0.8191520442889915 -0.286788218175524 0.49673176489215415
vn 0.8191520442889915 0.286788218175524 -0.49673176489215415
usemtl m_386ca4f1-58b6-72ad-bfad-1068213d77f8
f 611/1448/362 612/1447/362 610/1446/362 609/1445/362
f 616/1452/363 611/1451/363 609/1450/363 614/1449/363
f 615/1456/364 616/1455/364 614/1454/364 613/1453/364
f 614/1460/365 609/1459/365 610/1458/365 613/1457/365
f 615/1464/366 612/1463/366 611/1462/366 616/1461/366
o capacitor1
v 0.8510253008644549 0.4209083692899933 0.206596536193056
v 0.8510253008644549 0.40081387359280757 0.194994973693056
v 0.8594728063211851 0.42386587278992843 0.2014739898676057
v 0.8594728063211851 0.40377137709274263 0.18987242736760568
v 0.8569403078643251 0.39659012086444245 0.202310728017192
v 0.8569403078643251 0.41668461656162825 0.21391229051719202
v 0.8653878133210552 0.3995476243643775 0.19718818169174168
v 0.8653878133210552 0.4196421200615633 0.2087897441917417
vt 0.0078125 0.4453125
vt 0.0078125 0.4375
vt 0 0.4375
vt 0 0.4453125
vt 0 0.6484375
vt 0.0703125 0.6484375
vt 0.0703125 0.578125
vt 0 0.578125
vt 0.0078125 0.4453125
vt 0.0078125 0.4375
vt 0 0.4375
vt 0 0.4453125
vt 0.0078125 0.4453125
vt 0.0078125 0.4375
vt 0 0.4375
vt 0 0.4453125
vt 0.0078125 0.4453125
vt 0.0078125 0.4375
vt 0 0.4375
vt 0 0.4453125
vn -0.5735764363510466 0.4095760221444971 -0.7094064799162213
vn 2.4980018054066017e-16 0.8660254037844379 0.5000000000000014
vn 0.5735764363510466 -0.4095760221444971 0.7094064799162213
vn -0.8191520442889915 -0.286788218175524 0.49673176489215415
vn 0.8191520442889915 0.286788218175524 -0.49673176489215415
usemtl m_386ca4f1-58b6-72ad-bfad-1068213d77f8
f 619/1468/367 620/1467/367 618/1466/367 617/1465/367
f 624/1472/368 619/1471/368 617/1470/368 622/1469/368
f 623/1476/369 624/1475/369 622/1474/369 621/1473/369
f 622/1480/370 617/1479/370 618/1478/370 621/1477/370
f 623/1484/371 620/1483/371 619/1482/371 624/1481/371
o silicon0
v 0.8803834503918707 0.4112402979136813 0.2027171270280307
v 0.8803834503918706 0.4000766891930227 0.19627181452803077
v 0.8888309558486008 0.41419780141361634 0.1975945807025804
v 0.8888309558486008 0.40303419269295776 0.19114926820258046
v 0.8818622021418383 0.3990207510109314 0.19810075310906486
v 0.8818622021418383 0.41018435973158995 0.2045460656090648
v 0.8903097075985684 0.40197825451086644 0.19297820678361455
v 0.8903097075985684 0.413141863231525 0.19942351928361446
vt 0.0078125 0.4453125
vt 0.0078125 0.4375
vt 0 0.4375
vt 0 0.4453125
vt 0 0.6484375
vt 0.0703125 0.6484375
vt 0.0703125 0.578125
vt 0 0.578125
vt 0.0078125 0.4453125
vt 0.0078125 0.4375
vt 0 0.4375
vt 0 0.4453125
vt 0.0078125 0.4453125
vt 0.0078125 0.4375
vt 0 0.4375
vt 0 0.4453125
vt 0.0078125 0.4453125
vt 0.0078125 0.4375
vt 0 0.4375
vt 0 0.4453125
vn -0.5735764363510466 0.4095760221444971 -0.7094064799162213
vn 2.4980018054066017e-16 0.8660254037844379 0.5000000000000014
vn 0.5735764363510466 -0.4095760221444971 0.7094064799162213
vn -0.8191520442889915 -0.286788218175524 0.49673176489215415
vn 0.8191520442889915 0.286788218175524 -0.49673176489215415
usemtl m_386ca4f1-58b6-72ad-bfad-1068213d77f8
f 627/1488/372 628/1487/372 626/1486/372 625/1485/372
f 632/1492/373 627/1491/373 625/1490/373 630/1489/373
f 631/1496/374 632/1495/374 630/1494/374 629/1493/374
f 630/1500/375 625/1499/375 626/1498/375 629/1497/375
f 631/1504/376 628/1503/376 627/1502/376 632/1501/376
o capacitor2
v 0.8941084552838585 0.4328446345505024 0.18592231830923492
v 0.8941084552838585 0.4127501388533167 0.1743207558092349
v 0.9025559607405887 0.43580213805043755 0.1807997719837846
v 0.9025559607405887 0.41570764235325175 0.16919820948378458
v 0.9000234622837286 0.40852638612495157 0.18163651013337087
v 0.9000234622837286 0.42862088182213737 0.19323807263337092
v 0.9084709677404589 0.41148388962488663 0.17651396380792056
v 0.9084709677404589 0.43157838532207243 0.1881155263079206
vt 0.0078125 0.4453125
vt 0.0078125 0.4375
vt 0 0.4375
vt 0 0.4453125
vt 0 0.6484375
vt 0.0703125 0.6484375
vt 0.0703125 0.578125
vt 0 0.578125
vt 0.0078125 0.4453125
vt 0.0078125 0.4375
vt 0 0.4375
vt 0 0.4453125
vt 0.0078125 0.4453125
vt 0.0078125 0.4375
vt 0 0.4375
vt 0 0.4453125
vt 0.0078125 0.4453125
vt 0.0078125 0.4375
vt 0 0.4375
vt 0 0.4453125
vn -0.5735764363510466 0.4095760221444971 -0.7094064799162213
vn 2.4980018054066017e-16 0.8660254037844379 0.5000000000000014
vn 0.5735764363510466 -0.4095760221444971 0.7094064799162213
vn -0.8191520442889915 -0.286788218175524 0.49673176489215415
vn 0.8191520442889915 0.286788218175524 -0.49673176489215415
usemtl m_386ca4f1-58b6-72ad-bfad-1068213d77f8
f 635/1508/377 636/1507/377 634/1506/377 633/1505/377
f 640/1512/378 635/1511/378 633/1510/378 638/1509/378
f 639/1516/379 640/1515/379 638/1514/379 637/1513/379
f 638/1520/380 633/1519/380 634/1518/380 637/1517/380
f 639/1524/381 636/1523/381 635/1522/381 640/1521/381
o capacitor4
v 0.8645334202845077 0.45396339819232806 0.1493435466885548
v 0.8645334202845077 0.43386890249514226 0.13774198418855477
v 0.8729809257412379 0.4569209016922631 0.14422100036310448
v 0.8729809257412379 0.4368264059950774 0.13261943786310443
v 0.8704484272843779 0.4296451497667772 0.14505773851269074
v 0.8704484272843779 0.44973964546396294 0.15665930101269077
v 0.878895932741108 0.43260265326671227 0.13993519218724043
v 0.878895932741108 0.452697148963898 0.15153675468724045
vt 0.0078125 0.4453125
vt 0.0078125 0.4375
vt 0 0.4375
vt 0 0.4453125
vt 0 0.6484375
vt 0.0703125 0.6484375
vt 0.0703125 0.578125
vt 0 0.578125
vt 0.0078125 0.4453125
vt 0.0078125 0.4375
vt 0 0.4375
vt 0 0.4453125
vt 0.0078125 0.4453125
vt 0.0078125 0.4375
vt 0 0.4375
vt 0 0.4453125
vt 0.0078125 0.4453125
vt 0.0078125 0.4375
vt 0 0.4375
vt 0 0.4453125
vn -0.5735764363510466 0.4095760221444971 -0.7094064799162213
vn 2.4980018054066017e-16 0.8660254037844379 0.5000000000000014
vn 0.5735764363510466 -0.4095760221444971 0.7094064799162213
vn -0.8191520442889915 -0.286788218175524 0.49673176489215415
vn 0.8191520442889915 0.286788218175524 -0.49673176489215415
usemtl m_386ca4f1-58b6-72ad-bfad-1068213d77f8
f 643/1528/382 644/1527/382 642/1526/382 641/1525/382
f 648/1532/383 643/1531/383 641/1530/383 646/1529/383
f 647/1536/384 648/1535/384 646/1534/384 645/1533/384
f 646/1540/385 641/1539/385 642/1538/385 645/1537/385
f 647/1544/386 644/1543/386 643/1542/386 648/1541/386
o capacitor3
v 0.8793209377841831 0.44340401637141524 0.16763293249889485
v 0.8793209377841831 0.4233095206742295 0.15603136999889483
v 0.8877684432409133 0.4463615198713503 0.16251038617344454
v 0.8877684432409133 0.42626702417416457 0.1509088236734445
v 0.8852359447840532 0.4190857679458644 0.1633471243230308
v 0.8852359447840532 0.43918026364305013 0.17494868682303086
v 0.8936834502407834 0.42204327144579945 0.1582245779975805
v 0.8936834502407834 0.44213776714298525 0.16982614049758052
vt 0.0078125 0.4453125
vt 0.0078125 0.4375
vt 0 0.4375
vt 0 0.4453125
vt 0 0.6484375
vt 0.0703125 0.6484375
vt 0.0703125 0.578125
vt 0 0.578125
vt 0.0078125 0.4453125
vt 0.0078125 0.4375
vt 0 0.4375
vt 0 0.4453125
vt 0.0078125 0.4453125
vt 0.0078125 0.4375
vt 0 0.4375
vt 0 0.4453125
vt 0.0078125 0.4453125
vt 0.0078125 0.4375
vt 0 0.4375
vt 0 0.4453125
vn -0.5735764363510466 0.4095760221444971 -0.7094064799162213
vn 2.4980018054066017e-16 0.8660254037844379 0.5000000000000014
vn 0.5735764363510466 -0.4095760221444971 0.7094064799162213
vn -0.8191520442889915 -0.286788218175524 0.49673176489215415
vn 0.8191520442889915 0.286788218175524 -0.49673176489215415
usemtl m_386ca4f1-58b6-72ad-bfad-1068213d77f8
f 651/1548/387 652/1547/387 650/1546/387 649/1545/387
f 656/1552/388 651/1551/388 649/1550/388 654/1549/388
f 655/1556/389 656/1555/389 654/1554/389 653/1553/389
f 654/1560/390 649/1559/390 650/1558/390 653/1557/390
f 655/1564/391 652/1563/391 651/1562/391 656/1561/391
o heatsink0
v 0.8670790675925604 0.41617233732736236 0.21995583417860293
v 0.8670790675925604 0.39384511988604476 0.20706520917860285
v 0.9135403476045766 0.4324386065770054 0.19178182938862604
v 0.9135403476045766 0.41011138913568773 0.17889120438862596
v 0.8729940745924305 0.38962136715767964 0.21438096350273883
v 0.8729940745924305 0.41194858459899725 0.22727158850273893
v 0.9194553546044467 0.40588763640732267 0.18620695871276197
v 0.9194553546044467 0.4282148538486403 0.19909758371276204
vt 0.3828125 0.6640625
vt 0.5625 0.6640625
vt 0.5625 0.515625
vt 0.3828125 0.515625
vt 0.3984375 0.640625
vt 0.4609375 0.640625
vt 0.4609375 0.578125
vt 0.3984375 0.578125
vt 0.0703125 0.9375
vt 0.125 0.9375
vt 0.125 0.6484375
vt 0.0703125 0.6484375
vt 0.265625 0.828125
vt 0.328125 0.828125
vt 0.328125 0.765625
vt 0.265625 0.765625
vt 0.265625 0.828125
vt 0.328125 0.828125
vt 0.328125 0.765625
vt 0.265625 0.765625
vn -0.5735764363510466 0.4095760221444971 -0.7094064799162213
vn 2.4980018054066017e-16 0.8660254037844379 0.5000000000000014
vn 0.5735764363510466 -0.4095760221444971 0.7094064799162213
vn -0.8191520442889915 -0.286788218175524 0.49673176489215415
vn 0.8191520442889915 0.286788218175524 -0.49673176489215415
usemtl m_386ca4f1-58b6-72ad-bfad-1068213d77f8
f 659/1568/392 660/1567/392 658/1566/392 657/1565/392
f 664/1572/393 659/1571/393 657/1570/393 662/1569/393
f 663/1576/394 664/1575/394 662/1574/394 661/1573/394
f 662/1580/395 657/1579/395 658/1578/395 661/1577/395
f 663/1584/396 660/1583/396 659/1582/396 664/1581/396
o silicon1
v 0.8595706244085501 0.4440820357920224 0.14583356841388484
v 0.8595706244085501 0.4329184270713638 0.1393882559138849
v 0.8511231189518199 0.4411245322920873 0.15095611473933515
v 0.8511231189518199 0.4299609235714287 0.1445108022393352
v 0.8580918726585826 0.4339743652534551 0.13755931733285082
v 0.8580918726585826 0.4451379739741137 0.14400462983285076
v 0.8496443672018523 0.43101686175352 0.14268186365830116
v 0.8496443672018523 0.44218047047417863 0.14912717615830107
vt 0.0078125 0.4453125
vt 0.0078125 0.4375
vt 0 0.4375
vt 0 0.4453125
vt 0 0.6484375
vt 0.0703125 0.6484375
vt 0.0703125 0.578125
vt 0 0.578125
vt 0.0078125 0.4453125
vt 0.0078125 0.4375
vt 0 0.4375
vt 0 0.4453125
vt 0.0078125 0.4453125
vt 0.0078125 0.4375
vt 0 0.4375
vt 0 0.4453125
vt 0.0078125 0.4453125
vt 0.0078125 0.4375
vt 0 0.4375
vt 0 0.4453125
vn 0.5735764363510465 -0.4095760221444972 0.7094064799162214
vn 2.4980018054066017e-16 0.866025403784438 0.5000000000000014
vn -0.5735764363510465 0.4095760221444972 -0.7094064799162214
vn 0.8191520442889916 0.28678821817552397 -0.49673176489215404
vn -0.8191520442889916 -0.28678821817552397 0.49673176489215404
usemtl m_386ca4f1-58b6-72ad-bfad-1068213d77f8
f 667/1588/397 668/1587/397 666/1586/397 665/1585/397
f 672/1592/398 667/1591/398 665/1590/398 670/1589/398
f 671/1596/399 672/1595/399 670/1594/399 669/1593/399
f 670/1600/400 665/1599/400 666/1598/400 669/1597/400
f 671/1604/401 668/1603/401 667/1602/401 672/1601/401
o heatsink1
v 0.8728750072078605 0.46147721381965895 0.1414854862633127
v 0.8728750072078605 0.43914999637834135 0.1285948612633126
v 0.8264137271958443 0.445210944570016 0.16965949105328954
v 0.8264137271958443 0.4228837271286983 0.15676886605328944
v 0.8669600002079904 0.4433737491067064 0.12127910693917662
v 0.8669600002079904 0.46570096654802406 0.1341697319391767
v 0.8204987201959741 0.42710747985706343 0.14945311172915346
v 0.8204987201959741 0.44943469729838104 0.16234373672915353
vt 0.3828125 0.6640625
vt 0.5625 0.6640625
vt 0.5625 0.515625
vt 0.3828125 0.515625
vt 0.3984375 0.640625
vt 0.4609375 0.640625
vt 0.4609375 0.578125
vt 0.3984375 0.578125
vt 0.0703125 0.9375
vt 0.125 0.9375
vt 0.125 0.6484375
vt 0.0703125 0.6484375
vt 0.265625 0.828125
vt 0.328125 0.828125
vt 0.328125 0.765625
vt 0.265625 0.765625
vt 0.265625 0.828125
vt 0.328125 0.828125
vt 0.328125 0.765625
vt 0.265625 0.765625
vn 0.5735764363510465 -0.4095760221444972 0.7094064799162214
vn 2.4980018054066017e-16 0.866025403784438 0.5000000000000014
vn -0.5735764363510465 0.4095760221444972 -0.7094064799162214
vn 0.8191520442889916 0.28678821817552397 -0.49673176489215404
vn -0.8191520442889916 -0.28678821817552397 0.49673176489215404
usemtl m_386ca4f1-58b6-72ad-bfad-1068213d77f8
f 675/1608/402 676/1607/402 674/1606/402 673/1605/402
f 680/1612/403 675/1611/403 673/1610/403 678/1609/403
f 679/1616/404 680/1615/404 678/1614/404 677/1613/404
f 678/1620/405 673/1619/405 674/1618/405 677/1617/405
f 679/1624/406 676/1623/406 675/1622/406 680/1621/406
o electronics_casing
v 0.8034971252943536 0.46370444016454215 0.17887781707401873
v 0.8034971252943536 0.421282727026039 0.15438562957401872
v 0.8753009216765605 0.48884321991399043 0.13533617330769085
v 0.8753009216765605 0.44642150677548725 0.11084398580769084
v 0.8596896917931202 0.3811570761065703 0.223885295653311
v 0.8596896917931202 0.42357878924507353 0.248377483153311
v 0.9314934881753271 0.4062958558560186 0.18034365188698312
v 0.9314934881753271 0.44871756899452175 0.20483583938698313
vt 0.125 0.796875
vt 0.25 0.796875
vt 0.25 0.6484375
vt 0.125 0.6484375
vt 0.140625 0.6484375
vt 0.25 0.6484375
vt 0.25 0.578125
vt 0.140625 0.578125
vt 0.25 0.6484375
vt 0.125 0.6484375
vt 0.125 0.796875
vt 0.25 0.796875
vt 0.1953125 0.796875
vt 0.25 0.796875
vt 0.25 0.6484375
vt 0.1953125 0.6484375
vt 0.125 0.796875
vt 0.25 0.796875
vt 0.25 0.6484375
vt 0.125 0.6484375
vn -0.5735764363510466 0.4095760221444971 -0.7094064799162213
vn 2.4980018054066017e-16 0.8660254037844379 0.5000000000000014
vn 0.5735764363510466 -0.4095760221444971 0.7094064799162213
vn -0.8191520442889915 -0.286788218175524 0.49673176489215415
vn 0.8191520442889915 0.286788218175524 -0.49673176489215415
usemtl m_386ca4f1-58b6-72ad-bfad-1068213d77f8
f 683/1628/407 684/1627/407 682/1626/407 681/1625/407
f 688/1632/408 683/1631/408 681/1630/408 686/1629/408
f 687/1636/409 688/1635/409 686/1634/409 685/1633/409
f 686/1640/410 681/1639/410 682/1638/410 685/1637/410
f 687/1644/411 684/1643/411 683/1642/411 688/1641/411
o inductor_base
v 0.8438396616857571 0.4194147328969535 0.16793359031383495
v 0.8438396616857571 0.4171820111528219 0.16664452781383501
v 0.8691821780559478 0.42828724339675883 0.1525659513374839
v 0.8691821780559478 0.4260545216526272 0.15127688883748397
v 0.8615846826853677 0.4045107529677265 0.18859179078624316
v 0.8615846826853677 0.4067434747118581 0.1898808532862431
v 0.8869271990555584 0.4133832634675318 0.1732241518098921
v 0.8869271990555584 0.41561598521166343 0.17451321430989206
vt 0 0.4453125
vt 0.0078125 0.4453125
vt 0.0078125 0.4375
vt 0 0.4375
vt 0 0.4453125
vt 0.0078125 0.4453125
vt 0.0078125 0.4375
vt 0 0.4375
vt 0 0.4453125
vt 0.0078125 0.4453125
vt 0.0078125 0.4375
vt 0 0.4375
vt 0 0.4453125
vt 0.0078125 0.4453125
vt 0.0078125 0.4375
vt 0 0.4375
vt 0 0.4453125
vt 0.0078125 0.4453125
vt 0.0078125 0.4375
vt 0 0.4375
vn -0.5735764363510466 0.4095760221444971 -0.7094064799162213
vn 2.4980018054066017e-16 0.8660254037844379 0.5000000000000014
vn 0.5735764363510466 -0.4095760221444971 0.7094064799162213
vn -0.8191520442889915 -0.286788218175524 0.49673176489215415
vn 0.8191520442889915 0.286788218175524 -0.49673176489215415
usemtl m_386ca4f1-58b6-72ad-bfad-1068213d77f8
f 691/1648/412 692/1647/412 690/1646/412 689/1645/412
f 696/1652/413 691/1651/413 689/1650/413 694/1649/413
f 695/1656/414 696/1655/414 694/1654/414 693/1653/414
f 694/1660/415 689/1659/415 690/1658/415 693/1657/415
f 695/1664/416 692/1663/416 691/1662/416 696/1661/416
o inductor_top
v 0.8474302897999072 0.44589083151942716 0.18395064231350644
v 0.8474302897999072 0.4436581097752953 0.1826615798135064
v 0.8685490534417328 0.4532845902692649 0.17114427649988057
v 0.8685490534417328 0.45105186852513307 0.1698552139998805
v 0.8622178072995826 0.4330987279543825 0.20095096562384646
v 0.8622178072995826 0.43533144969851434 0.2022400281238465
v 0.8833365709414083 0.44049248670422025 0.18814459981022058
v 0.8833365709414083 0.44272520844835206 0.18943366231022063
vt 0 0.4453125
vt 0.0078125 0.4453125
vt 0.0078125 0.4375
vt 0 0.4375
vt 0 0.4453125
vt 0.0078125 0.4453125
vt 0.0078125 0.4375
vt 0 0.4375
vt 0 0.4453125
vt 0.0078125 0.4453125
vt 0.0078125 0.4375
vt 0 0.4375
vt 0 0.4453125
vt 0.0078125 0.4453125
vt 0.0078125 0.4375
vt 0 0.4375
vt 0 0.4453125
vt 0.0078125 0.4453125
vt 0.0078125 0.4375
vt 0 0.4375
vn -0.5735764363510466 0.4095760221444971 -0.7094064799162213
vn 2.4980018054066017e-16 0.8660254037844379 0.5000000000000014
vn 0.5735764363510466 -0.4095760221444971 0.7094064799162213
vn -0.8191520442889915 -0.286788218175524 0.49673176489215415
vn 0.8191520442889915 0.286788218175524 -0.49673176489215415
usemtl m_386ca4f1-58b6-72ad-bfad-1068213d77f8
f 699/1668/417 700/1667/417 698/1666/417 697/1665/417
f 704/1672/418 699/1671/418 697/1670/418 702/1669/418
f 703/1676/419 704/1675/419 702/1674/419 701/1673/419
f 702/1680/420 697/1679/420 698/1678/420 701/1677/420
f 703/1684/421 700/1683/421 699/1682/421 704/1681/421
o inductor_coil_core
v 0.8510209179140573 0.4478069909564513 0.18578800681317775
v 0.8510209179140573 0.4187816082827386 0.16903019431317773
v 0.8679159288275177 0.45372199795632145 0.17554291416227713
v 0.8679159288275177 0.4246966152826087 0.1587851016622771
v 0.8628509319137977 0.4103341028260083 0.18366170296144982
v 0.8628509319137977 0.43935948549972104 0.20041951546144982
v 0.879745942827258 0.4162491098258785 0.17341661031054917
v 0.879745942827258 0.4452744924995912 0.1901744228105492
vt 0 0.6484375
vt 0 0.9375
vt 0.0703125 0.9375
vt 0.0703125 0.6484375
vt 0.0703125 0.6484375
vt 0.140625 0.6484375
vt 0.140625 0.578125
vt 0.0703125 0.578125
vt 0.0703125 0.9375
vt 0.0703125 0.6484375
vt 0 0.6484375
vt 0 0.9375
vt 0 0.9375
vt 0.0703125 0.9375
vt 0.0703125 0.6484375
vt 0 0.6484375
vt 0.0703125 0.6484375
vt 0 0.6484375
vt 0 0.9375
vt 0.0703125 0.9375
vn -0.5735764363510466 0.4095760221444971 -0.7094064799162213
vn 2.4980018054066017e-16 0.8660254037844379 0.5000000000000014
vn 0.5735764363510466 -0.4095760221444971 0.7094064799162213
vn -0.8191520442889915 -0.286788218175524 0.49673176489215415
vn 0.8191520442889915 0.286788218175524 -0.49673176489215415
usemtl m_386ca4f1-58b6-72ad-bfad-1068213d77f8
f 707/1688/422 708/1687/422 706/1686/422 705/1685/422
f 712/1692/423 707/1691/423 705/1690/423 710/1689/423
f 711/1696/424 712/1695/424 710/1694/424 709/1693/424
f 710/1700/425 705/1699/425 706/1698/425 709/1697/425
f 711/1704/426 708/1703/426 707/1702/426 712/1701/426
o sign
v 0.8090701653823273 0.43815117661795033 0.15741611783591375
v 0.8090701653823273 0.4232663649904054 0.14882236783591377
v 0.8231493411435444 0.44308034911784216 0.14887854062682984
v 0.8231493411435444 0.4281955374902972 0.14028479062682986
v 0.8099663785641259 0.4226264024558045 0.14993081546078296
v 0.8099663785641259 0.4375112140833495 0.15852456546078295
v 0.824045554325343 0.42755557495569635 0.14139323825169905
v 0.824045554325343 0.4424403865832413 0.14998698825169904
vt 0.2421875 0.765625
vt 0.2421875 0.703125
vt 0.203125 0.703125
vt 0.203125 0.765625
vt 0.125 1
vt 0.25 1
vt 0.25 0.875
vt 0.125 0.875
vt 0.2421875 0.765625
vt 0.2421875 0.703125
vt 0.203125 0.703125
vt 0.203125 0.765625
vt 0.2421875 0.765625
vt 0.2421875 0.703125
vt 0.203125 0.703125
vt 0.203125 0.765625
vt 0.2421875 0.765625
vt 0.2421875 0.703125
vt 0.203125 0.703125
vt 0.203125 0.765625
vn -2.4980018054066017e-16 -0.8660254037844379 -0.5000000000000014
vn -0.5735764363510466 0.4095760221444971 -0.7094064799162213
vn 2.4980018054066017e-16 0.8660254037844379 0.5000000000000014
vn -0.8191520442889915 -0.286788218175524 0.49673176489215415
vn 0.8191520442889915 0.286788218175524 -0.49673176489215415
usemtl m_386ca4f1-58b6-72ad-bfad-1068213d77f8
f 716/1708/427 719/1707/427 717/1706/427 714/1705/427
f 715/1712/428 716/1711/428 714/1710/428 713/1709/428
f 720/1716/429 715/1715/429 713/1714/429 718/1713/429
f 718/1720/430 713/1719/430 714/1718/430 717/1717/430
f 719/1724/431 716/1723/431 715/1722/431 720/1721/431
o piston_ring2_2
v 0.4256717604267818 0.62277212499972 0.5517170050971367
v 0.42567176042678173 0.40626577405361064 0.4267170050971363
v 0.43642631860836395 0.6150925745845107 0.5650183765955659
v 0.43642631860836384 0.3985862236384013 0.4400183765955655
v 0.38471415821233207 0.3919263631448344 0.45155359334174405
v 0.3847141582123322 0.6084327140909438 0.5765535933417444
v 0.39546871639391423 0.3842468127296251 0.4648549648401732
v 0.39546871639391434 0.6007531636757345 0.5898549648401736
vt 0.8515625 1
vt 0.8515625 0.5
vt 0.7265625 0.5
vt 0.7265625 1
vt 0.8515625 1
vt 1 1
vt 1 0.296875
vt 0.8515625 0.296875
vn 3.885780586188047e-16 0.8660254037844379 0.5000000000000016
vn -0.5735764363510466 0.4095760221444973 -0.7094064799162212
usemtl m_386ca4f1-58b6-72ad-bfad-1068213d77f8
f 728/1728/432 723/1727/432 721/1726/432 726/1725/432
f 726/1732/433 721/1731/433 722/1730/433 725/1729/433
o piston_ring1_2
v 0.384714040624573 0.6082296470990269 0.5764365656890846
v 0.38471404062457293 0.39280582790764806 0.4520615656890842
v 0.40317918599355174 0.6066016954333995 0.5792562606862177
v 0.4031791859935517 0.3911778762420206 0.4548812606862173
v 0.37603163174122645 0.3681856340823427 0.4947049922867064
v 0.3760316317412265 0.5836094532737217 0.6190799922867067
v 0.3944967771102052 0.36655768241671527 0.4975246872838395
v 0.39449677711020525 0.5819815016080943 0.6218996872838399
vt 0.8515625 1
vt 0.8515625 0.5
vt 0.7265625 0.5
vt 0.7265625 1
vt 0.8515625 1
vt 1 1
vt 1 0.296875
vt 0.8515625 0.296875
vn 4.163336342344337e-16 0.8660254037844378 0.5000000000000017
vn -0.9848077530122081 0.08682408883346536 -0.1503837331804344
usemtl m_386ca4f1-58b6-72ad-bfad-1068213d77f8
f 736/1736/434 731/1735/434 729/1734/434 734/1733/434
f 734/1740/435 729/1739/435 730/1738/435 733/1737/435
o piston_ring0_2
v 0.37603167910893115 0.5838123211467793 0.6191973648233475
v 0.3760316791089311 0.36730597020066985 0.4941973648233472
v 0.3913907799393498 0.5891896002375704 0.6098836442316197
v 0.39139077993934973 0.37268324929146096 0.4848836442316192
v 0.4047105009264835 0.346827169093445 0.5296676888191583
v 0.40471050092648353 0.5633335200395544 0.6546676888191587
v 0.4200696017569021 0.3522044481842361 0.5203539682274303
v 0.42006960175690217 0.5687107991303455 0.6453539682274307
vt 0.8515625 1
vt 0.8515625 0.5
vt 0.7265625 0.5
vt 0.7265625 1
vt 0.8515625 1
vt 1 1
vt 1 0.296875
vt 0.8515625 0.296875
vn 2.4980018054066017e-16 0.8660254037844379 0.5000000000000014
vn -0.8191520442889915 -0.286788218175524 0.49673176489215415
usemtl m_386ca4f1-58b6-72ad-bfad-1068213d77f8
f 744/1744/436 739/1743/436 737/1742/436 742/1741/436
f 742/1748/437 737/1747/437 738/1746/437 741/1745/437
o piston_ring7_2
v 0.40471068550229333 0.5631304865416629 0.6545506031531452
v 0.4047106855022933 0.347706667350284 0.5301756031531448
v 0.4079665888335482 0.5723630592261523 0.6385593181790371
v 0.4079665888335482 0.35693924003477334 0.5141843181790368
v 0.45395107315290373 0.3433654629086107 0.5376947898121666
v 0.4539510731529038 0.5587892820999897 0.662069789812167
v 0.45720697648415864 0.3525980355931001 0.5217035048380585
v 0.4572069764841587 0.568021854784479 0.6460785048380588
vt 0.8515625 1
vt 0.8515625 0.5
vt 0.7265625 0.5
vt 0.7265625 1
vt 0.8515625 1
vt 1 1
vt 1 0.296875
vt 0.8515625 0.296875
vn 1.3877787807814454e-16 0.8660254037844379 0.5000000000000012
vn -0.17364817766692986 -0.4924038765061056 0.8528685319524426
usemtl m_386ca4f1-58b6-72ad-bfad-1068213d77f8
f 752/1752/438 747/1751/438 745/1750/438 750/1749/438
f 750/1756/439 745/1755/439 746/1754/439 749/1753/439
o piston_ring6_2
v 0.45395128681481245 0.5589922804878539 0.6621869362905315
v 0.45395128681481245 0.34248592954174445 0.537186936290531
v 0.44319672863323034 0.5666718309030633 0.6488855647921022
v 0.4431967286332303 0.3501654799569538 0.5238855647921019
v 0.49490888902926206 0.35682534045052067 0.5123503480459234
v 0.4949088890292621 0.5733316913966301 0.6373503480459237
v 0.4841543308476799 0.36450489086573 0.49904897654749414
v 0.48415433084767995 0.5810112418118395 0.6240489765474946
vt 0.8515625 1
vt 0.8515625 0.5
vt 0.7265625 0.5
vt 0.7265625 1
vt 0.8515625 1
vt 1 1
vt 1 0.296875
vt 0.8515625 0.296875
vn 1.3877787807814454e-16 0.866025403784438 0.5000000000000013
vn 0.5735764363510466 -0.40957602214449695 0.7094064799162215
usemtl m_386ca4f1-58b6-72ad-bfad-1068213d77f8
f 760/1760/440 755/1759/440 753/1758/440 758/1757/440
f 758/1764/441 753/1763/441 754/1762/441 757/1761/441
o piston_ring4_2
v 0.5035913681326631 0.5979520843407946 0.5947065765643206
v 0.503591368132663 0.38144573339468524 0.4697065765643202
v 0.48823226730224445 0.5925748052500036 0.6040202971560485
v 0.4882322673022444 0.37606845430389413 0.4790202971560481
v 0.47491254631511065 0.4019245345019101 0.43423625256850906
v 0.47491254631511076 0.6184308854480195 0.5592362525685095
v 0.459553445484692 0.396547255411119 0.443549973160237
v 0.4595534454846921 0.6130536063572285 0.5685499731602374
vt 0.8515625 1
vt 0.8515625 0.5
vt 0.7265625 0.5
vt 0.7265625 1
vt 0.8515625 1
vt 1 1
vt 1 0.296875
vt 0.8515625 0.296875
vn 3.6082248300317583e-16 0.8660254037844379 0.5000000000000016
vn 0.8191520442889916 0.286788218175524 -0.49673176489215415
usemtl m_386ca4f1-58b6-72ad-bfad-1068213d77f8
f 768/1768/442 763/1767/442 761/1766/442 766/1765/442
f 766/1772/443 761/1771/443 762/1770/443 765/1769/443
o piston_ring3_2
v 0.4749123617393009 0.6182279695378872 0.5591189632345228
v 0.4749123617393009 0.4028041503465082 0.43474396323452247
v 0.47165645840804604 0.6089953968533978 0.575110248208631
v 0.471656458408046 0.3935715776620188 0.45073524820863065
v 0.42567197408869045 0.4071453547881815 0.42722477657550073
v 0.42567197408869045 0.6225691739795605 0.5515997765755011
v 0.42241607075743554 0.3979127821036921 0.4432160615496089
v 0.4224160707574356 0.6133366012950711 0.5675910615496093
vt 0.8515625 1
vt 0.8515625 0.5
vt 0.7265625 0.5
vt 0.7265625 1
vt 0.8515625 1
vt 1 1
vt 1 0.296875
vt 0.8515625 0.296875
vn -2.775557561562892e-17 0.866025403784438 0.5000000000000014
vn 0.17364817766692978 0.49240387650610545 -0.8528685319524426
usemtl m_386ca4f1-58b6-72ad-bfad-1068213d77f8
f 776/1776/444 771/1775/444 769/1774/444 774/1773/444
f 774/1780/445 769/1779/445 770/1778/445 773/1777/445
o piston_ring5_2
v 0.49490900661702125 0.5731288089805231 0.6372330006985835
v 0.4949090066170212 0.3577049897891441 0.512858000698583
v 0.47644386124804256 0.5747567606461506 0.6344133057014504
v 0.47644386124804244 0.35933294145477157 0.5100383057014499
v 0.5035914155003677 0.38232518361444945 0.47021457410096085
v 0.5035914155003678 0.5977490028058283 0.5945895741009614
v 0.4851262701313889 0.3839531352800769 0.4673948791038277
v 0.48512627013138904 0.5993769544714558 0.5917698791038282
vt 0.8515625 1
vt 0.8515625 0.5
vt 0.7265625 0.5
vt 0.7265625 1
vt 0.8515625 1
vt 1 1
vt 1 0.296875
vt 0.8515625 0.296875
vn 2.4980018054066027e-16 0.8660254037844378 0.5000000000000018
vn 0.9848077530122084 -0.08682408883346551 0.15038373318043444
usemtl m_386ca4f1-58b6-72ad-bfad-1068213d77f8
f 784/1784/446 779/1783/446 777/1782/446 782/1781/446
f 782/1788/447 777/1787/447 778/1786/447 781/1785/447
o piston_cover_2
v 0.45017174458067916 0.6197615632592345 0.5557802009909807
v 0.3810557908437955 0.5955638073506746 0.5976919436537561
v 0.45017174458067916 0.6184083985658213 0.5549989509909807
v 0.3810557908437955 0.5942106426572614 0.5969106936537562
v 0.4294513026609151 0.5610058304822326 0.6575481153966873
v 0.49856725639779875 0.5852035863907925 0.6156363727339119
v 0.4294513026609151 0.5596526657888194 0.6567668653966874
v 0.49856725639779875 0.5838504216973793 0.614855122733912
vt 0.6015625 0.5
vt 0.8515625 0.5
vt 0.8515625 0.25
vt 0.6015625 0.25
vn 8.326672684688672e-17 0.8660254037844378 0.5000000000000016
usemtl m_386ca4f1-58b6-72ad-bfad-1068213d77f8
f 790/1792/448 785/1791/448 786/1790/448 789/1789/448
o fin0
v 0.47050847461304024 0.4817188522388779 0.3429034400927867
v 0.2657204635407923 0.4100217976949969 0.46708638131582525
v 0.47050847461304024 0.474953028771812 0.3389971900927867
v 0.2657204635407923 0.40325597422793097 0.46318013131582525
v 0.409114572628554 0.3076277921588726 0.6444380012948806
v 0.6139025837008019 0.3793248467027537 0.5202550600718421
v 0.409114572628554 0.3008619686918067 0.6405317512948806
v 0.6139025837008019 0.37255902323568774 0.5163488100718421
vt 0.3515625 0.5
vt 0.3515625 0.25
vt 0.25 0.25
vt 0.25 0.5
vt 0.3515625 0.5
vt 0.3515625 0.25
vt 0.25 0.25
vt 0.25 0.5
vt 0.3515625 0.5
vt 0.3515625 0.25
vt 0.25 0.25
vt 0.25 0.5
vt 0.3515625 0.5
vt 0.3515625 0.25
vt 0.25 0.25
vt 0.25 0.5
vt 0.3515625 0.5
vt 0.6015625 0.5
vt 0.6015625 0.25
vt 0.3515625 0.25
vt 0.3515625 0.5
vt 0.6015625 0.5
vt 0.6015625 0.25
vt 0.3515625 0.25
vn -0.8191520442889915 -0.28678821817552425 0.496731764892154
vn -0.5735764363510466 0.4095760221444971 -0.7094064799162213
vn 0.8191520442889915 0.28678821817552425 -0.496731764892154
vn 0.5735764363510466 -0.4095760221444971 0.7094064799162213
vn 8.326672684688672e-17 0.8660254037844378 0.5000000000000016
vn -8.326672684688672e-17 -0.8660254037844378 -0.5000000000000016
usemtl m_386ca4f1-58b6-72ad-bfad-1068213d77f8
f 796/1796/449 799/1795/449 797/1794/449 794/1793/449
f 795/1800/450 796/1799/450 794/1798/450 793/1797/450
f 800/1804/451 795/1803/451 793/1802/451 798/1801/451
f 799/1808/452 800/1807/452 798/1806/452 797/1805/452
f 798/1812/453 793/1811/453 794/1810/453 797/1809/453
f 799/1816/454 796/1815/454 795/1814/454 800/1813/454
o fin1
v 0.47050847461304024 0.4952504991730098 0.3507159400927868
v 0.2657204635407923 0.4235534446291287 0.4748988813158253
v 0.47050847461304024 0.48848467570594384 0.3468096900927868
v 0.2657204635407923 0.4167876211620628 0.4709926313158253
v 0.409114572628554 0.3211594390930045 0.6522505012948807
v 0.6139025837008019 0.39285649363688546 0.5280675600718422
v 0.409114572628554 0.31439361562593854 0.6483442512948807
v 0.6139025837008019 0.38609067016981957 0.5241613100718422
vt 0.3515625 0.5
vt 0.3515625 0.25
vt 0.25 0.25
vt 0.25 0.5
vt 0.3515625 0.5
vt 0.3515625 0.25
vt 0.25 0.25
vt 0.25 0.5
vt 0.3515625 0.5
vt 0.3515625 0.25
vt 0.25 0.25
vt 0.25 0.5
vt 0.3515625 0.5
vt 0.3515625 0.25
vt 0.25 0.25
vt 0.25 0.5
vt 0.3515625 0.5
vt 0.6015625 0.5
vt 0.6015625 0.25
vt 0.3515625 0.25
vt 0.3515625 0.5
vt 0.6015625 0.5
vt 0.6015625 0.25
vt 0.3515625 0.25
vn -0.8191520442889915 -0.28678821817552425 0.496731764892154
vn -0.5735764363510466 0.4095760221444971 -0.7094064799162213
vn 0.8191520442889915 0.28678821817552425 -0.496731764892154
vn 0.5735764363510466 -0.4095760221444971 0.7094064799162213
vn 8.326672684688672e-17 0.8660254037844378 0.5000000000000016
vn -8.326672684688672e-17 -0.8660254037844378 -0.5000000000000016
usemtl m_386ca4f1-58b6-72ad-bfad-1068213d77f8
f 804/1820/455 807/1819/455 805/1818/455 802/1817/455
f 803/1824/456 804/1823/456 802/1822/456 801/1821/456
f 808/1828/457 803/1827/457 801/1826/457 806/1825/457
f 807/1832/458 808/1831/458 806/1830/458 805/1829/458
f 806/1836/459 801/1835/459 802/1834/459 805/1833/459
f 807/1840/460 804/1839/460 803/1838/460 808/1837/460
o fin2
v 0.47050847461304024 0.5087821461071416 0.35852844009278684
v 0.2657204635407923 0.4370850915632606 0.48271138131582536
v 0.47050847461304024 0.5020163226400757 0.35462219009278684
v 0.2657204635407923 0.43031926809619464 0.47880513131582536
v 0.409114572628554 0.33469108602713626 0.6600630012948807
v 0.6139025837008019 0.40638814057101735 0.5358800600718422
v 0.409114572628554 0.3279252625600704 0.6561567512948807
v 0.6139025837008019 0.3996223171039514 0.5319738100718422
vt 0.3515625 0.5
vt 0.3515625 0.25
vt 0.25 0.25
vt 0.25 0.5
vt 0.3515625 0.5
vt 0.3515625 0.25
vt 0.25 0.25
vt 0.25 0.5
vt 0.3515625 0.5
vt 0.3515625 0.25
vt 0.25 0.25
vt 0.25 0.5
vt 0.3515625 0.5
vt 0.3515625 0.25
vt 0.25 0.25
vt 0.25 0.5
vt 0.3515625 0.5
vt 0.6015625 0.5
vt 0.6015625 0.25
vt 0.3515625 0.25
vt 0.3515625 0.5
vt 0.6015625 0.5
vt 0.6015625 0.25
vt 0.3515625 0.25
vn -0.8191520442889915 -0.28678821817552425 0.496731764892154
vn -0.5735764363510466 0.4095760221444971 -0.7094064799162213
vn 0.8191520442889915 0.28678821817552425 -0.496731764892154
vn 0.5735764363510466 -0.4095760221444971 0.7094064799162213
vn 8.326672684688672e-17 0.8660254037844378 0.5000000000000016
vn -8.326672684688672e-17 -0.8660254037844378 -0.5000000000000016
usemtl m_386ca4f1-58b6-72ad-bfad-1068213d77f8
f 812/1844/461 815/1843/461 813/1842/461 810/1841/461
f 811/1848/462 812/1847/462 810/1846/462 809/1845/462
f 816/1852/463 811/1851/463 809/1850/463 814/1849/463
f 815/1856/464 816/1855/464 814/1854/464 813/1853/464
f 814/1860/465 809/1859/465 810/1858/465 813/1857/465
f 815/1864/466 812/1863/466 811/1862/466 816/1861/466
o fin3
v 0.47050847461304024 0.5223137930412735 0.36634094009278684
v 0.2657204635407923 0.45061673849739237 0.49052388131582536
v 0.47050847461304024 0.5155479695742076 0.36243469009278684
v 0.2657204635407923 0.4438509150303265 0.48661763131582536
v 0.409114572628554 0.34822273296126816 0.6678755012948807
v 0.6139025837008019 0.41991978750514913 0.5436925600718422
v 0.409114572628554 0.3414569094942022 0.6639692512948807
v 0.6139025837008019 0.41315396403808324 0.5397863100718422
vt 0.3515625 0.5
vt 0.3515625 0.25
vt 0.25 0.25
vt 0.25 0.5
vt 0.3515625 0.5
vt 0.3515625 0.25
vt 0.25 0.25
vt 0.25 0.5
vt 0.3515625 0.5
vt 0.3515625 0.25
vt 0.25 0.25
vt 0.25 0.5
vt 0.3515625 0.5
vt 0.3515625 0.25
vt 0.25 0.25
vt 0.25 0.5
vt 0.3515625 0.5
vt 0.6015625 0.5
vt 0.6015625 0.25
vt 0.3515625 0.25
vt 0.3515625 0.5
vt 0.6015625 0.5
vt 0.6015625 0.25
vt 0.3515625 0.25
vn -0.8191520442889915 -0.28678821817552425 0.496731764892154
vn -0.5735764363510466 0.4095760221444971 -0.7094064799162213
vn 0.8191520442889915 0.28678821817552425 -0.496731764892154
vn 0.5735764363510466 -0.4095760221444971 0.7094064799162213
vn 8.326672684688672e-17 0.8660254037844378 0.5000000000000016
vn -8.326672684688672e-17 -0.8660254037844378 -0.5000000000000016
usemtl m_386ca4f1-58b6-72ad-bfad-1068213d77f8
f 820/1868/467 823/1867/467 821/1866/467 818/1865/467
f 819/1872/468 820/1871/468 818/1870/468 817/1869/468
f 824/1876/469 819/1875/469 817/1874/469 822/1873/469
f 823/1880/470 824/1879/470 822/1878/470 821/1877/470
f 822/1884/471 817/1883/471 818/1882/471 821/1881/471
f 823/1888/472 820/1887/472 819/1886/472 824/1885/472
o fin4
v 0.47050847461304024 0.5358454399754052 0.37415344009278684
v 0.2657204635407923 0.46414838543152426 0.49833638131582536
v 0.47050847461304024 0.5290796165083393 0.37024719009278684
v 0.2657204635407923 0.4573825619644583 0.49443013131582536
v 0.409114572628554 0.36175437989539994 0.6756880012948807
v 0.6139025837008019 0.433451434439281 0.5515050600718422
v 0.409114572628554 0.35498855642833405 0.6717817512948807
v 0.6139025837008019 0.4266856109722151 0.5475988100718422
vt 0.3515625 0.5
vt 0.3515625 0.25
vt 0.25 0.25
vt 0.25 0.5
vt 0.3515625 0.5
vt 0.3515625 0.25
vt 0.25 0.25
vt 0.25 0.5
vt 0.3515625 0.5
vt 0.3515625 0.25
vt 0.25 0.25
vt 0.25 0.5
vt 0.3515625 0.5
vt 0.3515625 0.25
vt 0.25 0.25
vt 0.25 0.5
vt 0.3515625 0.5
vt 0.6015625 0.5
vt 0.6015625 0.25
vt 0.3515625 0.25
vt 0.3515625 0.5
vt 0.6015625 0.5
vt 0.6015625 0.25
vt 0.3515625 0.25
vn -0.8191520442889915 -0.28678821817552425 0.496731764892154
vn -0.5735764363510466 0.4095760221444971 -0.7094064799162213
vn 0.8191520442889915 0.28678821817552425 -0.496731764892154
vn 0.5735764363510466 -0.4095760221444971 0.7094064799162213
vn 8.326672684688672e-17 0.8660254037844378 0.5000000000000016
vn -8.326672684688672e-17 -0.8660254037844378 -0.5000000000000016
usemtl m_386ca4f1-58b6-72ad-bfad-1068213d77f8
f 828/1892/473 831/1891/473 829/1890/473 826/1889/473
f 827/1896/474 828/1895/474 826/1894/474 825/1893/474
f 832/1900/475 827/1899/475 825/1898/475 830/1897/475
f 831/1904/476 832/1903/476 830/1902/476 829/1901/476
f 830/1908/477 825/1907/477 826/1906/477 829/1905/477
f 831/1912/478 828/1911/478 827/1910/478 832/1909/478
o fin5
v 0.47050847461304024 0.5493770869095371 0.38196594009278684
v 0.2657204635407923 0.47768003236565604 0.5061488813158254
v 0.47050847461304024 0.5426112634424711 0.37805969009278684
v 0.2657204635407923 0.47091420889859015 0.5022426313158254
v 0.409114572628554 0.3752860268295318 0.6835005012948807
v 0.6139025837008019 0.4469830813734128 0.5593175600718422
v 0.409114572628554 0.3685202033624659 0.6795942512948807
v 0.6139025837008019 0.4402172579063469 0.5554113100718422
vt 0.3515625 0.5
vt 0.3515625 0.25
vt 0.25 0.25
vt 0.25 0.5
vt 0.3515625 0.5
vt 0.3515625 0.25
vt 0.25 0.25
vt 0.25 0.5
vt 0.3515625 0.5
vt 0.3515625 0.25
vt 0.25 0.25
vt 0.25 0.5
vt 0.3515625 0.5
vt 0.3515625 0.25
vt 0.25 0.25
vt 0.25 0.5
vt 0.3515625 0.5
vt 0.6015625 0.5
vt 0.6015625 0.25
vt 0.3515625 0.25
vt 0.3515625 0.5
vt 0.6015625 0.5
vt 0.6015625 0.25
vt 0.3515625 0.25
vn -0.8191520442889915 -0.28678821817552425 0.496731764892154
vn -0.5735764363510466 0.4095760221444971 -0.7094064799162213
vn 0.8191520442889915 0.28678821817552425 -0.496731764892154
vn 0.5735764363510466 -0.4095760221444971 0.7094064799162213
vn 8.326672684688672e-17 0.8660254037844378 0.5000000000000016
vn -8.326672684688672e-17 -0.8660254037844378 -0.5000000000000016
usemtl m_386ca4f1-58b6-72ad-bfad-1068213d77f8
f 836/1916/479 839/1915/479 837/1914/479 834/1913/479
f 835/1920/480 836/1919/480 834/1918/480 833/1917/480
f 840/1924/481 835/1923/481 833/1922/481 838/1921/481
f 839/1928/482 840/1927/482 838/1926/482 837/1925/482
f 838/1932/483 833/1931/483 834/1930/483 837/1929/483
f 839/1936/484 836/1935/484 835/1934/484 840/1933/484
o fin6
v 0.47050847461304024 0.5629087338436689 0.38977844009278684
v 0.2657204635407923 0.4912116792997878 0.5139613813158254
v 0.47050847461304024 0.5561429103766029 0.38587219009278684
v 0.2657204635407923 0.4844458558327219 0.5100551313158254
v 0.409114572628554 0.3888176737636636 0.6913130012948807
v 0.6139025837008019 0.4605147283075446 0.5671300600718422
v 0.409114572628554 0.38205185029659766 0.6874067512948807
v 0.6139025837008019 0.4537489048404787 0.5632238100718422
vt 0.3515625 0.5
vt 0.3515625 0.25
vt 0.25 0.25
vt 0.25 0.5
vt 0.3515625 0.5
vt 0.3515625 0.25
vt 0.25 0.25
vt 0.25 0.5
vt 0.3515625 0.5
vt 0.3515625 0.25
vt 0.25 0.25
vt 0.25 0.5
vt 0.3515625 0.5
vt 0.3515625 0.25
vt 0.25 0.25
vt 0.25 0.5
vt 0.3515625 0.5
vt 0.6015625 0.5
vt 0.6015625 0.25
vt 0.3515625 0.25
vt 0.3515625 0.5
vt 0.6015625 0.5
vt 0.6015625 0.25
vt 0.3515625 0.25
vn -0.8191520442889915 -0.28678821817552425 0.496731764892154
vn -0.5735764363510466 0.4095760221444971 -0.7094064799162213
vn 0.8191520442889915 0.28678821817552425 -0.496731764892154
vn 0.5735764363510466 -0.4095760221444971 0.7094064799162213
vn 8.326672684688672e-17 0.8660254037844378 0.5000000000000016
vn -8.326672684688672e-17 -0.8660254037844378 -0.5000000000000016
usemtl m_386ca4f1-58b6-72ad-bfad-1068213d77f8
f 844/1940/485 847/1939/485 845/1938/485 842/1937/485
f 843/1944/486 844/1943/486 842/1942/486 841/1941/486
f 848/1948/487 843/1947/487 841/1946/487 846/1945/487
f 847/1952/488 848/1951/488 846/1950/488 845/1949/488
f 846/1956/489 841/1955/489 842/1954/489 845/1953/489
f 847/1960/490 844/1959/490 843/1958/490 848/1957/490
o fin7
v 0.47050847461304024 0.5764403807778008 0.39759094009278684
v 0.2657204635407923 0.5047433262339197 0.5217738813158254
v 0.47050847461304024 0.5696745573107349 0.39368469009278684
v 0.2657204635407923 0.4979775027668538 0.5178676313158254
v 0.409114572628554 0.4023493206977955 0.6991255012948807
v 0.6139025837008019 0.4740463752416765 0.5749425600718422
v 0.409114572628554 0.39558349723072955 0.6952192512948807
v 0.6139025837008019 0.4672805517746106 0.5710363100718422
vt 0.3515625 0.5
vt 0.3515625 0.25
vt 0.25 0.25
vt 0.25 0.5
vt 0.3515625 0.5
vt 0.3515625 0.25
vt 0.25 0.25
vt 0.25 0.5
vt 0.3515625 0.5
vt 0.3515625 0.25
vt 0.25 0.25
vt 0.25 0.5
vt 0.3515625 0.5
vt 0.3515625 0.25
vt 0.25 0.25
vt 0.25 0.5
vt 0.3515625 0.5
vt 0.6015625 0.5
vt 0.6015625 0.25
vt 0.3515625 0.25
vt 0.3515625 0.5
vt 0.6015625 0.5
vt 0.6015625 0.25
vt 0.3515625 0.25
vn -0.8191520442889915 -0.28678821817552425 0.496731764892154
vn -0.5735764363510466 0.4095760221444971 -0.7094064799162213
vn 0.8191520442889915 0.28678821817552425 -0.496731764892154
vn 0.5735764363510466 -0.4095760221444971 0.7094064799162213
vn 8.326672684688672e-17 0.8660254037844378 0.5000000000000016
vn -8.326672684688672e-17 -0.8660254037844378 -0.5000000000000016
usemtl m_386ca4f1-58b6-72ad-bfad-1068213d77f8
f 852/1964/491 855/1963/491 853/1962/491 850/1961/491
f 851/1968/492 852/1967/492 850/1966/492 849/1965/492
f 856/1972/493 851/1971/493 849/1970/493 854/1969/493
f 855/1976/494 856/1975/494 854/1974/494 853/1973/494
f 854/1980/495 849/1979/495 850/1978/495 853/1977/495
f 855/1984/496 852/1983/496 851/1982/496 856/1981/496
o fin8
v 0.47050847461304024 0.5899720277119326 0.40540344009278695
v 0.2657204635407923 0.5182749731680516 0.5295863813158255
v 0.47050847461304024 0.5832062042448667 0.40149719009278695
v 0.2657204635407923 0.5115091497009856 0.5256801313158255
v 0.409114572628554 0.4158809676319273 0.7069380012948808
v 0.6139025837008019 0.48757802217580837 0.5827550600718423
v 0.409114572628554 0.4091151441648614 0.7030317512948808
v 0.6139025837008019 0.4808121987087424 0.5788488100718423
vt 0.3515625 0.5
vt 0.3515625 0.25
vt 0.25 0.25
vt 0.25 0.5
vt 0.3515625 0.5
vt 0.3515625 0.25
vt 0.25 0.25
vt 0.25 0.5
vt 0.3515625 0.5
vt 0.3515625 0.25
vt 0.25 0.25
vt 0.25 0.5
vt 0.3515625 0.5
vt 0.3515625 0.25
vt 0.25 0.25
vt 0.25 0.5
vt 0.3515625 0.5
vt 0.6015625 0.5
vt 0.6015625 0.25
vt 0.3515625 0.25
vt 0.3515625 0.5
vt 0.6015625 0.5
vt 0.6015625 0.25
vt 0.3515625 0.25
vn -0.8191520442889915 -0.28678821817552425 0.496731764892154
vn -0.5735764363510466 0.4095760221444971 -0.7094064799162213
vn 0.8191520442889915 0.28678821817552425 -0.496731764892154
vn 0.5735764363510466 -0.4095760221444971 0.7094064799162213
vn 8.326672684688672e-17 0.8660254037844378 0.5000000000000016
vn -8.326672684688672e-17 -0.8660254037844378 -0.5000000000000016
usemtl m_386ca4f1-58b6-72ad-bfad-1068213d77f8
f 860/1988/497 863/1987/497 861/1986/497 858/1985/497
f 859/1992/498 860/1991/498 858/1990/498 857/1989/498
f 864/1996/499 859/1995/499 857/1994/499 862/1993/499
f 863/2000/500 864/1999/500 862/1998/500 861/1997/500
f 862/2004/501 857/2003/501 858/2002/501 861/2001/501
f 863/2008/502 860/2007/502 859/2006/502 864/2005/502
o fin9
v 0.47050847461304024 0.6035036746460645 0.41321594009278695
v 0.2657204635407923 0.5318066201021834 0.5373988813158255
v 0.47050847461304024 0.5967378511789985 0.40930969009278695
v 0.2657204635407923 0.5250407966351175 0.5334926313158255
v 0.409114572628554 0.42941261456605917 0.7147505012948808
v 0.6139025837008019 0.5011096691099401 0.5905675600718423
v 0.409114572628554 0.4226467910989932 0.7108442512948808
v 0.6139025837008019 0.49434384564287426 0.5866613100718423
vt 0.3515625 0.5
vt 0.3515625 0.25
vt 0.25 0.25
vt 0.25 0.5
vt 0.3515625 0.5
vt 0.3515625 0.25
vt 0.25 0.25
vt 0.25 0.5
vt 0.3515625 0.5
vt 0.3515625 0.25
vt 0.25 0.25
vt 0.25 0.5
vt 0.3515625 0.5
vt 0.3515625 0.25
vt 0.25 0.25
vt 0.25 0.5
vt 0.3515625 0.5
vt 0.6015625 0.5
vt 0.6015625 0.25
vt 0.3515625 0.25
vt 0.3515625 0.5
vt 0.6015625 0.5
vt 0.6015625 0.25
vt 0.3515625 0.25
vn -0.8191520442889915 -0.28678821817552425 0.496731764892154
vn -0.5735764363510466 0.4095760221444971 -0.7094064799162213
vn 0.8191520442889915 0.28678821817552425 -0.496731764892154
vn 0.5735764363510466 -0.4095760221444971 0.7094064799162213
vn 8.326672684688672e-17 0.8660254037844378 0.5000000000000016
vn -8.326672684688672e-17 -0.8660254037844378 -0.5000000000000016
usemtl m_386ca4f1-58b6-72ad-bfad-1068213d77f8
f 868/2012/503 871/2011/503 869/2010/503 866/2009/503
f 867/2016/504 868/2015/504 866/2014/504 865/2013/504
f 872/2020/505 867/2019/505 865/2018/505 870/2017/505
f 871/2024/506 872/2023/506 870/2022/506 869/2021/506
f 870/2028/507 865/2027/507 866/2026/507 869/2025/507
f 871/2032/508 868/2031/508 867/2030/508 872/2029/508
o fin10
v 0.47050847461304024 0.6170353215801962 0.42102844009278695
v 0.2657204635407923 0.5453382670363152 0.5452113813158255
v 0.47050847461304024 0.6102694981131302 0.41712219009278695
v 0.2657204635407923 0.5385724435692493 0.5413051313158255
v 0.409114572628554 0.44294426150019095 0.7225630012948808
v 0.6139025837008019 0.5146413160440719 0.5983800600718423
v 0.409114572628554 0.436178438033125 0.7186567512948808
v 0.6139025837008019 0.507875492577006 0.5944738100718423
vt 0.3515625 0.5
vt 0.3515625 0.25
vt 0.25 0.25
vt 0.25 0.5
vt 0.3515625 0.5
vt 0.3515625 0.25
vt 0.25 0.25
vt 0.25 0.5
vt 0.3515625 0.5
vt 0.3515625 0.25
vt 0.25 0.25
vt 0.25 0.5
vt 0.3515625 0.5
vt 0.3515625 0.25
vt 0.25 0.25
vt 0.25 0.5
vt 0.3515625 0.5
vt 0.6015625 0.5
vt 0.6015625 0.25
vt 0.3515625 0.25
vt 0.3515625 0.5
vt 0.6015625 0.5
vt 0.6015625 0.25
vt 0.3515625 0.25
vn -0.8191520442889915 -0.28678821817552425 0.496731764892154
vn -0.5735764363510466 0.4095760221444971 -0.7094064799162213
vn 0.8191520442889915 0.28678821817552425 -0.496731764892154
vn 0.5735764363510466 -0.4095760221444971 0.7094064799162213
vn 8.326672684688672e-17 0.8660254037844378 0.5000000000000016
vn -8.326672684688672e-17 -0.8660254037844378 -0.5000000000000016
usemtl m_386ca4f1-58b6-72ad-bfad-1068213d77f8
f 876/2036/509 879/2035/509 877/2034/509 874/2033/509
f 875/2040/510 876/2039/510 874/2038/510 873/2037/510
f 880/2044/511 875/2043/511 873/2042/511 878/2041/511
f 879/2048/512 880/2047/512 878/2046/512 877/2045/512
f 878/2052/513 873/2051/513 874/2050/513 877/2049/513
f 879/2056/514 876/2055/514 875/2054/514 880/2053/514
o fin11
v 0.47050847461304024 0.6305669685143281 0.42884094009278695
v 0.2657204635407923 0.558869913970447 0.5530238813158255
v 0.47050847461304024 0.6238011450472623 0.42493469009278695
v 0.2657204635407923 0.5521040905033812 0.5491176313158255
v 0.409114572628554 0.45647590843432284 0.7303755012948808
v 0.6139025837008019 0.5281729629782038 0.6061925600718423
v 0.409114572628554 0.4497100849672569 0.7264692512948808
v 0.6139025837008019 0.5214071395111379 0.6022863100718423
vt 0.3515625 0.5
vt 0.3515625 0.25
vt 0.25 0.25
vt 0.25 0.5
vt 0.3515625 0.5
vt 0.3515625 0.25
vt 0.25 0.25
vt 0.25 0.5
vt 0.3515625 0.5
vt 0.3515625 0.25
vt 0.25 0.25
vt 0.25 0.5
vt 0.3515625 0.5
vt 0.3515625 0.25
vt 0.25 0.25
vt 0.25 0.5
vt 0.3515625 0.5
vt 0.6015625 0.5
vt 0.6015625 0.25
vt 0.3515625 0.25
vt 0.3515625 0.5
vt 0.6015625 0.5
vt 0.6015625 0.25
vt 0.3515625 0.25
vn -0.8191520442889915 -0.28678821817552425 0.496731764892154
vn -0.5735764363510466 0.4095760221444971 -0.7094064799162213
vn 0.8191520442889915 0.28678821817552425 -0.496731764892154
vn 0.5735764363510466 -0.4095760221444971 0.7094064799162213
vn 8.326672684688672e-17 0.8660254037844378 0.5000000000000016
vn -8.326672684688672e-17 -0.8660254037844378 -0.5000000000000016
usemtl m_386ca4f1-58b6-72ad-bfad-1068213d77f8
f 884/2060/515 887/2059/515 885/2058/515 882/2057/515
f 883/2064/516 884/2063/516 882/2062/516 881/2061/516
f 888/2068/517 883/2067/517 881/2066/517 886/2065/517
f 887/2072/518 888/2071/518 886/2070/518 885/2069/518
f 886/2076/519 881/2075/519 882/2074/519 885/2073/519
f 887/2080/520 884/2079/520 883/2078/520 888/2077/520
o heat_pipe0
v 0.27813600234540475 0.5636160754473527 0.5479282884968987
v 0.2678966017917924 0.5600312227201586 0.5541374355580506
v 0.27813600234540475 0.40529580631801027 0.4565220384968985
v 0.2678966017917924 0.4017109535908162 0.4627311855580504
v 0.2750663072461805 0.5549115224433524 0.5630050165570033
v 0.2853057077997928 0.5584963751705465 0.5567958694958515
v 0.2750663072461805 0.39659125331401 0.4715987665570031
v 0.2853057077997928 0.40017610604120407 0.4653896194958512
vt 0.8515625 1
vt 1 1
vt 1 0.296875
vt 0.8515625 0.296875
vt 0.8515625 1
vt 1 1
vt 1 0.296875
vt 0.8515625 0.296875
vt 0.8515625 1
vt 1 1
vt 1 0.296875
vt 0.8515625 0.296875
vt 0.8515625 1
vt 1 1
vt 1 0.296875
vt 0.8515625 0.296875
vt 0 1
vt 0.0625 1
vt 0.0625 0.9375
vt 0 0.9375
vt 0 1
vt 0.0625 1
vt 0.0625 0.9375
vt 0 0.9375
vn -0.8191520442889915 -0.28678821817552425 0.496731764892154
vn -0.5735764363510466 0.4095760221444971 -0.7094064799162213
vn 0.8191520442889915 0.28678821817552425 -0.496731764892154
vn 0.5735764363510466 -0.4095760221444971 0.7094064799162213
vn 8.326672684688672e-17 0.8660254037844378 0.5000000000000016
vn -8.326672684688672e-17 -0.8660254037844378 -0.5000000000000016
usemtl m_386ca4f1-58b6-72ad-bfad-1068213d77f8
f 892/2084/521 895/2083/521 893/2082/521 890/2081/521
f 891/2088/522 892/2087/522 890/2086/522 889/2085/522
f 896/2092/523 891/2091/523 889/2090/523 894/2089/523
f 895/2096/524 896/2095/524 894/2094/524 893/2093/524
f 894/2100/525 889/2099/525 890/2098/525 893/2097/525
f 895/2104/526 892/2103/526 891/2102/526 896/2101/526
o heat_pipe1
v 0.47729446818002524 0.6257123638054349 0.4403743620992528
v 0.4701247627256372 0.6308320640822411 0.43150678110030005
v 0.47729446818002524 0.46739209467609255 0.34896811209925255
v 0.4701247627256372 0.47251179495289874 0.3401005311002998
v 0.45988536217202486 0.6272472113550471 0.43771592816145194
v 0.4670550676264129 0.6221275110782409 0.4465835091604047
v 0.45988536217202486 0.4689269422257047 0.3463096781614517
v 0.4670550676264129 0.4638072419488985 0.35517725916040443
vt 0.8515625 1
vt 1 1
vt 1 0.296875
vt 0.8515625 0.296875
vt 0.8515625 1
vt 1 1
vt 1 0.296875
vt 0.8515625 0.296875
vt 0.8515625 1
vt 1 1
vt 1 0.296875
vt 0.8515625 0.296875
vt 0.8515625 1
vt 1 1
vt 1 0.296875
vt 0.8515625 0.296875
vt 0 1
vt 0.0625 1
vt 0.0625 0.9375
vt 0 0.9375
vt 0 1
vt 0.0625 1
vt 0.0625 0.9375
vt 0 0.9375
vn -0.5735764363510468 0.4095760221444971 -0.7094064799162214
vn 0.8191520442889914 0.28678821817552436 -0.49673176489215415
vn 0.5735764363510468 -0.4095760221444971 0.7094064799162214
vn -0.8191520442889914 -0.28678821817552436 0.49673176489215415
vn 8.32667268468867e-17 0.8660254037844378 0.5000000000000014
vn -8.32667268468867e-17 -0.8660254037844378 -0.5000000000000014
usemtl m_386ca4f1-58b6-72ad-bfad-1068213d77f8
f 900/2108/527 903/2107/527 901/2106/527 898/2105/527
f 899/2112/528 900/2111/528 898/2110/528 897/2109/528
f 904/2116/529 899/2115/529 897/2114/529 902/2113/529
f 903/2120/530 904/2119/530 902/2118/530 901/2117/530
f 902/2124/531 897/2123/531 898/2122/531 901/2121/531
f 903/2128/532 900/2127/532 899/2126/532 904/2125/532
o heat_pipe2
v 0.381300087989909 0.5921043694879907 0.4985851157975521
v 0.37413038253552094 0.5972240697647969 0.48971753479859936
v 0.381300087989909 0.43378410035864834 0.40717886579755186
v 0.37413038253552094 0.43890380063545453 0.3983112847985991
v 0.3638909819819086 0.5936392170376029 0.49592668185975125
v 0.37106068743629667 0.5885195167607967 0.504794262858704
v 0.3638909819819086 0.4353189479082605 0.404520431859751
v 0.37106068743629667 0.4301992476314543 0.41338801285870375
vt 0.8515625 1
vt 1 1
vt 1 0.296875
vt 0.8515625 0.296875
vt 0.8515625 1
vt 1 1
vt 1 0.296875
vt 0.8515625 0.296875
vt 0.8515625 1
vt 1 1
vt 1 0.296875
vt 0.8515625 0.296875
vt 0.8515625 1
vt 1 1
vt 1 0.296875
vt 0.8515625 0.296875
vt 0 1
vt 0.0625 1
vt 0.0625 0.9375
vt 0 0.9375
vt 0 1
vt 0.0625 1
vt 0.0625 0.9375
vt 0 0.9375
vn -0.5735764363510468 0.4095760221444971 -0.7094064799162214
vn 0.8191520442889914 0.28678821817552436 -0.49673176489215415
vn 0.5735764363510468 -0.4095760221444971 0.7094064799162214
vn -0.8191520442889914 -0.28678821817552436 0.49673176489215415
vn 8.32667268468867e-17 0.8660254037844378 0.5000000000000014
vn -8.32667268468867e-17 -0.8660254037844378 -0.5000000000000014
usemtl m_386ca4f1-58b6-72ad-bfad-1068213d77f8
f 908/2132/533 911/2131/533 909/2130/533 906/2129/533
f 907/2136/534 908/2135/534 906/2134/534 905/2133/534
f 912/2140/535 907/2139/535 905/2138/535 910/2137/535
f 911/2144/536 912/2143/536 910/2142/536 909/2141/536
f 910/2148/537 905/2147/537 906/2146/537 909/2145/537
f 911/2152/538 908/2151/538 907/2150/538 912/2149/538
o heat_pipe3
v 0.49832295925168524 0.4976448368474864 0.6621938255901156
v 0.5054926647060732 0.4925251365706802 0.6710614065890684
v 0.49832295925168524 0.33932456771814395 0.5707875755901154
v 0.5054926647060732 0.33420486744133776 0.5796551565890682
v 0.5157320652596856 0.4961099892978742 0.6648522595279165
v 0.5085623598052976 0.5012296895746804 0.6559846785289638
v 0.5157320652596856 0.3377897201685318 0.5734460095279162
v 0.5085623598052976 0.342909420445338 0.5645784285289636
vt 0.8515625 1
vt 1 1
vt 1 0.296875
vt 0.8515625 0.296875
vt 0.8515625 1
vt 1 1
vt 1 0.296875
vt 0.8515625 0.296875
vt 0.8515625 1
vt 1 1
vt 1 0.296875
vt 0.8515625 0.296875
vt 0.8515625 1
vt 1 1
vt 1 0.296875
vt 0.8515625 0.296875
vt 0 1
vt 0.0625 1
vt 0.0625 0.9375
vt 0 0.9375
vt 0 1
vt 0.0625 1
vt 0.0625 0.9375
vt 0 0.9375
vn 0.5735764363510464 -0.4095760221444971 0.7094064799162215
vn -0.8191520442889917 -0.2867882181755242 0.49673176489215387
vn -0.5735764363510464 0.4095760221444971 -0.7094064799162215
vn 0.8191520442889917 0.2867882181755242 -0.49673176489215387
vn 1.1102230246251565e-16 0.8660254037844379 0.5000000000000017
vn -1.1102230246251565e-16 -0.8660254037844379 -0.5000000000000017
usemtl m_386ca4f1-58b6-72ad-bfad-1068213d77f8
f 916/2156/539 919/2155/539 917/2154/539 914/2153/539
f 915/2160/540 916/2159/540 914/2158/540 913/2157/540
f 920/2164/541 915/2163/541 913/2162/541 918/2161/541
f 919/2168/542 920/2167/542 918/2166/542 917/2165/542
f 918/2172/543 913/2171/543 914/2170/543 917/2169/543
f 919/2176/544 916/2175/544 915/2174/544 920/2173/544
o heat_pipe2
v 0.6014870448961894 0.5261331308881244 0.6128506528907691
v 0.6117264454498018 0.5297179836153185 0.6066415058296172
v 0.6014870448961894 0.36781286175878203 0.5214444028907689
v 0.6117264454498018 0.371397714485976 0.5152352558296169
v 0.6045567399954138 0.5348376838921247 0.5977739248306645
v 0.5943173394418014 0.5312528311649306 0.6039830718918163
v 0.6045567399954138 0.3765174147627822 0.5063676748306642
v 0.5943173394418014 0.3729325620355882 0.5125768218918161
vt 0.8515625 1
vt 1 1
vt 1 0.296875
vt 0.8515625 0.296875
vt 0.8515625 1
vt 1 1
vt 1 0.296875
vt 0.8515625 0.296875
vt 0.8515625 1
vt 1 1
vt 1 0.296875
vt 0.8515625 0.296875
vt 0.8515625 1
vt 1 1
vt 1 0.296875
vt 0.8515625 0.296875
vt 0 1
vt 0.0625 1
vt 0.0625 0.9375
vt 0 0.9375
vt 0 1
vt 0.0625 1
vt 0.0625 0.9375
vt 0 0.9375
vn 0.8191520442889915 0.28678821817552436 -0.49673176489215415
vn 0.5735764363510467 -0.4095760221444971 0.7094064799162214
vn -0.8191520442889915 -0.28678821817552436 0.49673176489215415
vn -0.5735764363510467 0.4095760221444971 -0.7094064799162214
vn 1.1102230246251565e-16 0.8660254037844379 0.5000000000000016
vn -1.1102230246251565e-16 -0.8660254037844379 -0.5000000000000016
usemtl m_386ca4f1-58b6-72ad-bfad-1068213d77f8
f 924/2180/545 927/2179/545 925/2178/545 922/2177/545
f 923/2184/546 924/2183/546 922/2182/546 921/2181/546
f 928/2188/547 923/2187/547 921/2186/547 926/2185/547
f 927/2192/548 928/2191/548 926/2190/548 925/2189/548
f 926/2196/549 921/2195/549 922/2194/549 925/2193/549
f 927/2200/550 924/2199/550 923/2198/550 928/2197/550
o heat_pipe3
v 0.402328579061569 0.4640368425300422 0.720404579288415
v 0.40949828451595705 0.458917142253236 0.7292721602873677
v 0.402328579061569 0.30571657340069974 0.6289983292884147
v 0.40949828451595705 0.30059687312389355 0.6378659102873675
v 0.4197376850695694 0.46250199498043 0.7230630132262158
v 0.4125679796151813 0.4676216952572362 0.7141954322272631
v 0.4197376850695694 0.3041817258510876 0.6316567632262156
v 0.4125679796151813 0.3093014261278938 0.6227891822272629
vt 0.8515625 1
vt 1 1
vt 1 0.296875
vt 0.8515625 0.296875
vt 0.8515625 1
vt 1 1
vt 1 0.296875
vt 0.8515625 0.296875
vt 0.8515625 1
vt 1 1
vt 1 0.296875
vt 0.8515625 0.296875
vt 0.8515625 1
vt 1 1
vt 1 0.296875
vt 0.8515625 0.296875
vt 0 1
vt 0.0625 1
vt 0.0625 0.9375
vt 0 0.9375
vt 0 1
vt 0.0625 1
vt 0.0625 0.9375
vt 0 0.9375
vn 0.5735764363510464 -0.4095760221444971 0.7094064799162215
vn -0.8191520442889917 -0.2867882181755242 0.49673176489215387
vn -0.5735764363510464 0.4095760221444971 -0.7094064799162215
vn 0.8191520442889917 0.2867882181755242 -0.49673176489215387
vn 1.1102230246251565e-16 0.8660254037844379 0.5000000000000017
vn -1.1102230246251565e-16 -0.8660254037844379 -0.5000000000000017
usemtl m_386ca4f1-58b6-72ad-bfad-1068213d77f8
f 932/2204/551 935/2203/551 933/2202/551 930/2201/551
f 931/2208/552 932/2207/552 930/2206/552 929/2205/552
f 936/2212/553 931/2211/553 929/2210/553 934/2209/553
f 935/2216/554 936/2215/554 934/2214/554 933/2213/554
f 934/2220/555 929/2219/555 930/2218/555 933/2217/555
f 935/2224/556 932/2223/556 931/2222/556 936/2221/556
o heat_pipe4
v 0.3422822958810688 0.5069143323482942 0.6461385884221855
v 0.3525216964346811 0.5104991850754883 0.6399294413610336
v 0.3422822958810688 0.3485940632189518 0.5547323384221853
v 0.3525216964346811 0.3521789159461458 0.5485231913610333
v 0.34535199098029307 0.5156188853522945 0.6310618603620809
v 0.33511259042668073 0.5120340326251004 0.6372710074232327
v 0.34535199098029307 0.357298616222952 0.5396556103620807
v 0.33511259042668073 0.353713763495758 0.5458647574232325
vt 0.8515625 1
vt 1 1
vt 1 0.296875
vt 0.8515625 0.296875
vt 0.8515625 1
vt 1 1
vt 1 0.296875
vt 0.8515625 0.296875
vt 0.8515625 1
vt 1 1
vt 1 0.296875
vt 0.8515625 0.296875
vt 0.8515625 1
vt 1 1
vt 1 0.296875
vt 0.8515625 0.296875
vt 0 1
vt 0.0625 1
vt 0.0625 0.9375
vt 0 0.9375
vt 0 1
vt 0.0625 1
vt 0.0625 0.9375
vt 0 0.9375
vn 0.8191520442889915 0.28678821817552436 -0.49673176489215415
vn 0.5735764363510467 -0.4095760221444971 0.7094064799162214
vn -0.8191520442889915 -0.28678821817552436 0.49673176489215415
vn -0.5735764363510467 0.4095760221444971 -0.7094064799162214
vn 1.1102230246251565e-16 0.8660254037844379 0.5000000000000016
vn -1.1102230246251565e-16 -0.8660254037844379 -0.5000000000000016
usemtl m_386ca4f1-58b6-72ad-bfad-1068213d77f8
f 940/2228/557 943/2227/557 941/2226/557 938/2225/557
f 939/2232/558 940/2231/558 938/2230/558 937/2229/558
f 944/2236/559 939/2235/559 937/2234/559 942/2233/559
f 943/2240/560 944/2239/560 942/2238/560 941/2237/560
f 942/2244/561 937/2243/561 938/2242/561 941/2241/561
f 943/2248/562 940/2247/562 939/2246/562 944/2245/562
o heat_pipe5
v 0.5271013508069131 0.5792500212599889 0.5208495000266341
v 0.5342710562613011 0.5741303209831827 0.5297170810255869
v 0.5271013508069131 0.4209297521306465 0.4294432500266339
v 0.5342710562613011 0.4158100518538403 0.43831083102558666
v 0.5445104568149135 0.5777151737103767 0.523507933964435
v 0.5373407513605255 0.5828348739871829 0.5146403529654823
v 0.5445104568149135 0.41939490458103434 0.43210168396443477
v 0.5373407513605255 0.42451460485784054 0.42323410296548203
vt 0.8515625 1
vt 1 1
vt 1 0.296875
vt 0.8515625 0.296875
vt 0.8515625 1
vt 1 1
vt 1 0.296875
vt 0.8515625 0.296875
vt 0.8515625 1
vt 1 1
vt 1 0.296875
vt 0.8515625 0.296875
vt 0.8515625 1
vt 1 1
vt 1 0.296875
vt 0.8515625 0.296875
vt 0 1
vt 0.0625 1
vt 0.0625 0.9375
vt 0 0.9375
vt 0 1
vt 0.0625 1
vt 0.0625 0.9375
vt 0 0.9375
vn 0.5735764363510464 -0.4095760221444971 0.7094064799162215
vn -0.8191520442889917 -0.2867882181755242 0.49673176489215387
vn -0.5735764363510464 0.4095760221444971 -0.7094064799162215
vn 0.8191520442889917 0.2867882181755242 -0.49673176489215387
vn 1.1102230246251565e-16 0.8660254037844379 0.5000000000000017
vn -1.1102230246251565e-16 -0.8660254037844379 -0.5000000000000017
usemtl m_386ca4f1-58b6-72ad-bfad-1068213d77f8
f 948/2252/563 951/2251/563 949/2250/563 946/2249/563
f 947/2256/564 948/2255/564 946/2254/564 945/2253/564
f 952/2260/565 947/2259/565 945/2258/565 950/2257/565
f 951/2264/566 952/2263/566 950/2262/566 949/2261/566
f 950/2268/567 945/2267/567 946/2266/567 949/2265/567
f 951/2272/568 948/2271/568 947/2270/568 952/2269/568
o shroud_cover_top_2_2
v 0.7317611229311214 0.43211823884727346 0.3714012540261298
v 0.73073718287576 0.431759753574554 0.3720221687322451
v 0.7404223649411072 0.39788901922073727 0.36592211417635145
v 0.7393984248857459 0.3975305339480178 0.3665430288824667
v 0.7380473877453398 0.43168657531308297 0.3840350558105796
v 0.7390713278007013 0.4320450605858024 0.38341414110446437
v 0.7467086297553258 0.3974573556865467 0.3785559159608013
v 0.7477325698106873 0.3978158409592662 0.377935001254686
vt 0.0017578125 1
vt 0 1
vt 0 0.995533671875
vt 0.0017578125 0.995533671875
vt 0.00015625 1
vt 0 1
vt 0 0.995533671875
vt 0.00015625 0.995533671875
vt 0.5703125 0.0859375
vt 0.5234375 0.0859375
vt 0.5234375 0.0234375
vt 0.5703125 0.0234375
vt 0.90625 0.0234375
vt 0.90625 0.0703125
vt 0.5859375 0.0703125
vt 0.5859375 0.0234375
vt 0.96875 0.078125
vt 0.6015625 0.078125
vt 0.6015625 0.03125
vt 0.96875 0.03125
vt 0.0017578125 1
vt 0 1
vt 0 0.99984375
vt 0.0017578125 0.99984375
vn -0.8191520442889916 -0.28678821817552425 0.49673176489215404
vn -0.519836790725685 0.0052037874823865765 -0.8542497477926808
vn 0.8191520442889916 0.28678821817552425 -0.49673176489215404
vn 0.519836790725685 -0.0052037874823865765 0.8542497477926808
vn -0.24240387650610412 0.9579798737507725 0.1533457601085445
vn 0.24240387650610412 -0.9579798737507725 -0.1533457601085445
usemtl none
f 956/2276/569 959/2275/569 957/2274/569 954/2273/569
f 955/2280/570 956/2279/570 954/2278/570 953/2277/570
usemtl m_386ca4f1-58b6-72ad-bfad-1068213d77f8
f 960/2284/571 955/2283/571 953/2282/571 958/2281/571
f 959/2288/572 960/2287/572 958/2286/572 957/2285/572
f 958/2292/573 953/2291/573 954/2290/573 957/2289/573
usemtl none
f 959/2296/574 956/2295/574 955/2294/574 960/2293/574
o shroud_slant_2
v 0.7380469754176191 0.431687254887179 0.38403476820011967
v 0.2030382964913715 0.24437869989128982 0.7084627021453078
v 0.746708217427605 0.39745803526064283 0.3785556283503413
v 0.21169953850135742 0.2101494802647536 0.7029835622955294
v 0.202244245793538 0.24438664867666915 0.7071578356555545
v 0.7372529247197857 0.43169520367255837 0.38272990171036636
v 0.21090548780352392 0.21015742905013296 0.7016786958057761
v 0.7459141667297715 0.3974659840460221 0.377250761860588
vt 0.9140625 0.03125
vt 0.9140625 0.078125
vt 0.5859375 0.078125
vt 0.5859375 0.03125
vt 0.625 0.0859375
vt 0.875 0.0859375
vt 0.875 0.015625
vt 0.625 0.015625
vt 0.9140625 0.03125
vt 0.9140625 0.078125
vt 0.5859375 0.078125
vt 0.5859375 0.03125
vt 0.9140625 0.03125
vt 0.9140625 0.078125
vt 0.5859375 0.078125
vt 0.5859375 0.03125
vt 0.9140625 0.03125
vt 0.9140625 0.078125
vt 0.5859375 0.078125
vt 0.5859375 0.03125
vt 0.9140625 0.03125
vt 0.9140625 0.078125
vt 0.5859375 0.078125
vt 0.5859375 0.03125
vn -0.8191520442889916 -0.28678821817552425 0.49673176489215404
vn -0.519836790725685 0.0052037874823865765 -0.8542497477926808
vn 0.8191520442889916 0.28678821817552425 -0.49673176489215404
vn 0.519836790725685 -0.0052037874823865765 0.8542497477926808
vn -0.24240387650610412 0.9579798737507725 0.1533457601085445
vn 0.24240387650610412 -0.9579798737507725 -0.1533457601085445
usemtl m_386ca4f1-58b6-72ad-bfad-1068213d77f8
f 964/2300/575 967/2299/575 965/2298/575 962/2297/575
f 963/2304/576 964/2303/576 962/2302/576 961/2301/576
f 968/2308/577 963/2307/577 961/2306/577 966/2305/577
f 967/2312/578 968/2311/578 966/2310/578 965/2309/578
f 966/2316/579 961/2315/579 962/2314/579 965/2313/579
f 967/2320/580 964/2319/580 963/2318/580 968/2317/580
o shroud_side_2
v 0.7459143057224566 0.39802465591471603 0.37757354042487923
v 0.21090562679620914 0.21071610091882684 0.7020014743700673
v 0.7459143057224566 0.3056376071048696 0.324233852924879
v 0.2109056267962091 0.11832905210898037 0.6486617868700671
v 0.21170003016055533 0.2101488381281567 0.7029840023447513
v 0.746708709086803 0.39745739312404593 0.37855606839956313
v 0.21170003016055533 0.11776178931831026 0.649644314844751
v 0.746708709086803 0.30507034431419944 0.32521638089956295
vt 0.9921875 0.078125
vt 0.5234375 0.078125
vt 0.5234375 0.03125
vt 0.9921875 0.03125
vn 0.5735764363510466 -0.4095760221444971 0.7094064799162213
usemtl m_386ca4f1-58b6-72ad-bfad-1068213d77f8
f 975/2324/581 976/2323/581 974/2322/581 973/2321/581
o shroud_cover_bottom_1_2
v 0.2030386674863818 0.21633369204755243 0.6922715211189664
v 0.20175874241718023 0.21588558545665318 0.6930476645016104
v 0.2030386674863818 0.11853398446405326 0.6358068336189662
v 0.20175874241718023 0.118085877873154 0.6365829770016103
v 0.21042010509135373 0.20970073153725743 0.7037601457273952
v 0.2117000301605553 0.2101488381281567 0.7029840023447512
v 0.21042010509135373 0.11190102395375826 0.6472954582273951
v 0.2117000301605553 0.11234913054465752 0.6465193148447511
vt 1 0.03125
vt 1 0.0625
vt 0.78125 0.0625
vt 0.78125 0.03125
vt 0.0001953125 1
vt 0 1
vt 0 0.985883828125
vt 0.0001953125 0.985883828125
vt 0.001887578125 1
vt 0 1
vt 0 0.985883828125
vt 0.001887578125 0.985883828125
vt 0.6484375 0.0546875
vt 0.6484375 0
vt 0.7734375 0
vt 0.7734375 0.0546875
vt 0.8515625 0.08613281250000004
vt 0.5625 0.08613281250000004
vt 0.5625 0.023632812500000044
vt 0.8515625 0.023632812500000044
vt 0.001887578125 1
vt 0 1
vt 0 0.9998046875
vt 0.001887578125 0.9998046875
vn -0.8191520442889915 -0.28678821817552425 0.496731764892154
vn -0.5735764363510466 0.4095760221444971 -0.7094064799162213
vn 0.8191520442889915 0.28678821817552425 -0.496731764892154
vn 0.5735764363510466 -0.4095760221444971 0.7094064799162213
vn 8.326672684688672e-17 0.8660254037844378 0.5000000000000016
vn -8.326672684688672e-17 -0.8660254037844378 -0.5000000000000016
usemtl m_386ca4f1-58b6-72ad-bfad-1068213d77f8
f 980/2328/582 983/2327/582 981/2326/582 978/2325/582
usemtl none
f 979/2332/583 980/2331/583 978/2330/583 977/2329/583
f 984/2336/584 979/2335/584 977/2334/584 982/2333/584
usemtl m_386ca4f1-58b6-72ad-bfad-1068213d77f8
f 983/2340/585 984/2339/585 982/2338/585 981/2337/585
f 982/2344/586 977/2343/586 978/2342/586 981/2341/586
usemtl none
f 983/2348/587 980/2347/587 979/2346/587 984/2345/587
o shroud_cover_bottom_2_2
v 0.7467083506015303 0.39745764910905984 0.37855562502051315
v 0.7479882756707318 0.39790575569995906 0.3777794816378692
v 0.7467083506015303 0.29965794152556063 0.32209093752051293
v 0.7479882756707318 0.30010604811645986 0.321314794137869
v 0.7393269129965583 0.4040906096193548 0.3670670004120843
v 0.7380469879273568 0.40364250302845556 0.36784314379472827
v 0.7393269129965583 0.30629090203585563 0.3106023129120841
v 0.7380469879273568 0.3058427954449564 0.31137845629472805
vt 1 0.03125
vt 1 0.0625
vt 0.78125 0.0625
vt 0.78125 0.03125
vt 0.6484375 0.0546875
vt 0.6484375 0
vt 0.7734375 0
vt 0.7734375 0.0546875
vt 0.001887578125 1
vt 0 1
vt 0 0.985883828125
vt 0.001887578125 0.985883828125
vt 0.0001953125 1
vt 0 1
vt 0 0.985883828125
vt 0.0001953125 0.985883828125
vt 0.8515625 0.08613281250000004
vt 0.5625 0.08613281250000004
vt 0.5625 0.023632812500000044
vt 0.8515625 0.023632812500000044
vt 0.001887578125 1
vt 0 1
vt 0 0.9998046875
vt 0.001887578125 0.9998046875
vn 0.8191520442889916 0.28678821817552413 -0.49673176489215415
vn 0.5735764363510466 -0.4095760221444973 0.7094064799162214
vn -0.8191520442889916 -0.28678821817552413 0.49673176489215415
vn -0.5735764363510466 0.4095760221444973 -0.7094064799162214
vn 2.775557561562891e-16 0.8660254037844377 0.5000000000000017
vn -2.775557561562891e-16 -0.8660254037844377 -0.5000000000000017
usemtl m_386ca4f1-58b6-72ad-bfad-1068213d77f8
f 988/2352/588 991/2351/588 989/2350/588 986/2349/588
f 987/2356/589 988/2355/589 986/2354/589 985/2353/589
usemtl none
f 992/2360/590 987/2359/590 985/2358/590 990/2357/590
f 991/2364/591 992/2363/591 990/2362/591 989/2361/591
usemtl m_386ca4f1-58b6-72ad-bfad-1068213d77f8
f 990/2368/592 985/2367/592 986/2366/592 989/2365/592
usemtl none
f 991/2372/593 988/2371/593 987/2370/593 992/2369/593
o shroud_cover_top_1_2
v 0.19572850394951247 0.24445119857866482 0.6964501026774332
v 0.19470456389415125 0.24409271330594542 0.6970710173835484
v 0.20438974595949838 0.2102219789521286 0.6909709628276548
v 0.20336580590413716 0.2098634936794092 0.69159187753377
v 0.2020147687637312 0.24401953504447438 0.709083904461883
v 0.20303870881909242 0.24437802031719374 0.7084629897557677
v 0.21067601077371712 0.20979031541793813 0.7036047646121045
v 0.21169995082907833 0.21014880069065756 0.7029838499059894
vt 0.5703125 0.0859375
vt 0.5234375 0.0859375
vt 0.5234375 0.0234375
vt 0.5703125 0.0234375
vt 0.00015625 1
vt 0 1
vt 0 0.995533671875
vt 0.00015625 0.995533671875
vt 0.0017578125 1
vt 0 1
vt 0 0.995533671875
vt 0.0017578125 0.995533671875
vt 0.90625 0.0234375
vt 0.90625 0.0703125
vt 0.5859375 0.0703125
vt 0.5859375 0.0234375
vt 0.96875 0.078125
vt 0.6015625 0.078125
vt 0.6015625 0.03125
vt 0.96875 0.03125
vt 0.0017578125 1
vt 0 1
vt 0 0.99984375
vt 0.0017578125 0.99984375
vn -0.8191520442889916 -0.28678821817552425 0.49673176489215404
vn -0.519836790725685 0.0052037874823865765 -0.8542497477926808
vn 0.8191520442889916 0.28678821817552425 -0.49673176489215404
vn 0.519836790725685 -0.0052037874823865765 0.8542497477926808
vn -0.24240387650610412 0.9579798737507725 0.1533457601085445
vn 0.24240387650610412 -0.9579798737507725 -0.1533457601085445
usemtl m_386ca4f1-58b6-72ad-bfad-1068213d77f8
f 996/2376/594 999/2375/594 997/2374/594 994/2373/594
usemtl none
f 995/2380/595 996/2379/595 994/2378/595 993/2377/595
f 1000/2384/596 995/2383/596 993/2382/596 998/2381/596
usemtl m_386ca4f1-58b6-72ad-bfad-1068213d77f8
f 999/2388/597 1000/2387/597 998/2386/597 997/2385/597
f 998/2392/598 993/2391/598 994/2390/598 997/2389/598
usemtl none
f 999/2396/599 996/2395/599 995/2394/599 1000/2393/599
o thermal_input
v 0.12263546613835613 0.25741011550109405 0.5827663187042189
v 0.09703696475432516 0.24844798368310894 0.5982891863570987
v 0.12263546613835613 0.17622023389630304 0.5358913187042187
v 0.09703696475432516 0.16725810207831793 0.5514141863570986
v 0.16873401929820603 0.19725098091504684 0.6869649963466264
v 0.194332520682237 0.20621311273303194 0.6714421286937466
v 0.16873401929820603 0.1160610993102558 0.6400899963466262
v 0.194332520682237 0.1250232311282409 0.6245671286937464
vt 0 1
vt 0.0625 1
vt 0.0625 0.9375
vt 0 0.9375
vt 0.0859375 0.9921875
vt 0.0859375 0.984375
vt 0.0625 0.984375
vt 0.0625 0.9921875
vt 0.0859375 0.9921875
vt 0.0859375 0.984375
vt 0.0625 0.984375
vt 0.0625 0.9921875
vt 0.0625 1
vt 0.09375 1
vt 0.09375 0.9921875
vt 0.0625 0.9921875
vt 0.0859375 0.9921875
vt 0.09375 0.9921875
vt 0.09375 0.984375
vt 0.0859375 0.984375
vn -0.8191520442889915 -0.28678821817552425 0.496731764892154
vn -0.5735764363510466 0.4095760221444971 -0.7094064799162213
vn 0.5735764363510466 -0.4095760221444971 0.7094064799162213
vn 8.326672684688672e-17 0.8660254037844378 0.5000000000000016
vn -8.326672684688672e-17 -0.8660254037844378 -0.5000000000000016
usemtl m_386ca4f1-58b6-72ad-bfad-1068213d77f8
f 1004/2400/600 1007/2399/600 1005/2398/600 1002/2397/600
f 1003/2404/601 1004/2403/601 1002/2402/601 1001/2401/601
f 1007/2408/602 1008/2407/602 1006/2406/602 1005/2405/602
f 1006/2412/603 1001/2411/603 1002/2410/603 1005/2409/603
f 1007/2416/604 1004/2415/604 1003/2414/604 1008/2413/604
o main_housing
v 0.6509858783711815 0.49657932258924475 0.2716381004215807
v 0.11085749916812765 0.30747834122975853 0.5991706078973448
v 0.6509858783711815 0.37073500610181864 0.19898185042158045
v 0.11085749916812764 0.18163402474233242 0.5265143578973446
v 0.2004788173479787 0.24348208776968083 0.7100153703842544
v 0.7406071965510326 0.43258306912916705 0.3824828629084903
v 0.20047881734797868 0.11763777128225476 0.6373591203842541
v 0.7406071965510326 0.306738752641741 0.30982661290849006
vt 0 0.328125
vt 0.25 0.328125
vt 0.25 0.109375
vt 0 0.109375
vt 0.59375 1
vt 0.59375 0.5
vt 0.34375 0.5
vt 0.34375 1
vt 0.03125 0.2421875
vt 0.21875 0.2421875
vt 0.21875 0.109375
vt 0.03125 0.109375
vt 0.59375 1
vt 0.59375 0.5
vt 0.34375 0.5
vt 0.34375 1
vt 0.3515625 1
vt 0.6015625 1
vt 0.6015625 0.5
vt 0.3515625 0.5
vn -0.8191520442889915 -0.28678821817552425 0.496731764892154
vn -0.5735764363510466 0.4095760221444971 -0.7094064799162213
vn 0.8191520442889915 0.28678821817552425 -0.496731764892154
vn 0.5735764363510466 -0.4095760221444971 0.7094064799162213
vn 8.326672684688672e-17 0.8660254037844378 0.5000000000000016
usemtl m_386ca4f1-58b6-72ad-bfad-1068213d77f8
f 1012/2420/605 1015/2419/605 1013/2418/605 1010/2417/605
f 1011/2424/606 1012/2423/606 1010/2422/606 1009/2421/606
f 1016/2428/607 1011/2427/607 1009/2426/607 1014/2425/607
f 1015/2432/608 1016/2431/608 1014/2430/608 1013/2429/608
f 1014/2436/609 1009/2435/609 1010/2434/609 1013/2433/609
o belt_housing0
v 0.7290666202596245 0.7632955381114124 0.40654706393469553
v 0.6689101420071517 0.7422345283391474 0.44302580291896315
v 0.7290666202596245 0.3844094239557209 0.1877970639346948
v 0.6689101420071517 0.36334841418345587 0.2242758029189624
v 0.7226829329150622 0.7038367762631008 0.5095326604111089
v 0.7828394111675352 0.7248977860353658 0.47305392142684133
v 0.7226829329150622 0.32495066210740925 0.2907826604111082
v 0.7828394111675352 0.3460116718796743 0.2543039214268406
vt 0.8828125 0.0859375
vt 0.8828125 0.0390625
vt 0.5546875 0.0390625
vt 0.5546875 0.0859375
vt 0.8828125 0.0859375
vt 0.8828125 0.0390625
vt 0.5546875 0.0390625
vt 0.5546875 0.0859375
vt 0.8828125 0.0859375
vt 0.8828125 0.0390625
vt 0.5546875 0.0390625
vt 0.5546875 0.0859375
vt 0.8828125 0.0859375
vt 0.8828125 0.0390625
vt 0.5546875 0.0390625
vt 0.5546875 0.0859375
vt 0.0546875 0.234375
vt 0.109375 0.234375
vt 0.109375 0.1796875
vt 0.0546875 0.1796875
vn -0.8191520442889915 -0.28678821817552425 0.496731764892154
vn -0.5735764363510466 0.4095760221444971 -0.7094064799162213
vn 0.8191520442889915 0.28678821817552425 -0.496731764892154
vn 0.5735764363510466 -0.4095760221444971 0.7094064799162213
vn 8.326672684688672e-17 0.8660254037844378 0.5000000000000016
usemtl m_386ca4f1-58b6-72ad-bfad-1068213d77f8
f 1020/2440/610 1023/2439/610 1021/2438/610 1018/2437/610
f 1019/2444/611 1020/2443/611 1018/2442/611 1017/2441/611
f 1024/2448/612 1019/2447/612 1017/2446/612 1022/2445/612
f 1023/2452/613 1024/2451/613 1022/2450/613 1021/2449/613
f 1022/2456/614 1017/2455/614 1018/2454/614 1021/2453/614
o belt_housing1
v 0.7393060208132369 0.756055073291301 0.39408791687354355
v 0.6586707414535393 0.7278243580646477 0.44298494998011495
v 0.7393060208132369 0.6802778504601626 0.3503379168735435
v 0.6586707414535393 0.6520471352335095 0.3992349499801149
v 0.71244353236145 0.6894266059886012 0.5094918074722607
v 0.7930788117211475 0.7176573212152544 0.46059477436568935
v 0.71244353236145 0.613649383157463 0.4657418074722606
v 0.7930788117211475 0.6418800983841161 0.41684477436568923
vt 0.8828125 0.0859375
vt 0.8828125 0.0390625
vt 0.5546875 0.0390625
vt 0.5546875 0.0859375
vt 0.8828125 0.0859375
vt 0.8828125 0.0390625
vt 0.5546875 0.0390625
vt 0.5546875 0.0859375
vt 0.8828125 0.0859375
vt 0.8828125 0.0390625
vt 0.5546875 0.0390625
vt 0.5546875 0.0859375
vt 0.8828125 0.0859375
vt 0.8828125 0.0390625
vt 0.5546875 0.0390625
vt 0.5546875 0.0859375
vt 0.0546875 0.234375
vt 0.109375 0.234375
vt 0.109375 0.1796875
vt 0.0546875 0.1796875
vn -0.8191520442889915 -0.28678821817552425 0.496731764892154
vn -0.5735764363510466 0.4095760221444971 -0.7094064799162213
vn 0.8191520442889915 0.28678821817552425 -0.496731764892154
vn 0.5735764363510466 -0.4095760221444971 0.7094064799162213
vn 8.326672684688672e-17 0.8660254037844378 0.5000000000000016
usemtl m_386ca4f1-58b6-72ad-bfad-1068213d77f8
f 1028/2460/615 1031/2459/615 1029/2458/615 1026/2457/615
f 1027/2464/616 1028/2463/616 1026/2462/616 1025/2461/616
f 1032/2468/617 1027/2467/617 1025/2466/617 1030/2465/617
f 1031/2472/618 1032/2471/618 1030/2470/618 1029/2469/618
f 1030/2476/619 1025/2475/619 1026/2474/619 1029/2473/619
o ground_plate
v 0.880084496757536 0.48496785909334594 0.013624745146709416
v 0.08653095385257542 0.20714177273580694 0.4948336423859837
v 0.880084496757536 0.47820203562628 0.009718495146709416
v 0.08653095385257542 0.20037594926874103 0.4909273923859837
v 0.2299250629403371 0.10474776719968268 0.6721852623650391
v 1.0234786058452978 0.3825738535572216 0.1909763651257648
v 0.2299250629403371 0.09798194373261676 0.6682790123650391
v 1.0234786058452978 0.37580803009015573 0.1870701151257648
vt 0.5546875 0.5
vt 0.6015625 0.5
vt 0.6015625 0.25
vt 0.5546875 0.25
vt 0.6015625 0.5
vt 0.6015625 0.25
vt 0.53125 0.25
vt 0.53125 0.5
vt 0.5546875 0.5
vt 0.6015625 0.5
vt 0.6015625 0.25
vt 0.5546875 0.25
vt 0.6015625 0.5
vt 0.6015625 0.25
vt 0.53125 0.25
vt 0.53125 0.5
vt 0.515625 0.5
vt 0.6015625 0.5
vt 0.6015625 0.25
vt 0.515625 0.25
vt 0.515625 0.5
vt 0.6015625 0.5
vt 0.6015625 0.25
vt 0.515625 0.25
vn -0.8191520442889915 -0.28678821817552425 0.496731764892154
vn -0.5735764363510466 0.4095760221444971 -0.7094064799162213
vn 0.8191520442889915 0.28678821817552425 -0.496731764892154
vn 0.5735764363510466 -0.4095760221444971 0.7094064799162213
vn 8.326672684688672e-17 0.8660254037844378 0.5000000000000016
vn -8.326672684688672e-17 -0.8660254037844378 -0.5000000000000016
usemtl m_386ca4f1-58b6-72ad-bfad-1068213d77f8
f 1036/2480/620 1039/2479/620 1037/2478/620 1034/2477/620
f 1035/2484/621 1036/2483/621 1034/2482/621 1033/2481/621
f 1040/2488/622 1035/2487/622 1033/2486/622 1038/2485/622
f 1039/2492/623 1040/2491/623 1038/2490/623 1037/2489/623
f 1038/2496/624 1033/2495/624 1034/2494/624 1037/2493/624
f 1039/2500/625 1036/2499/625 1035/2498/625 1040/2497/625
o regenerator
v 0.3845171668311457 0.5710640233209318 0.627001814367735
v 0.27956331115661853 0.5343192828671928 0.6906455717445423
v 0.3845171668311457 0.5534728823065604 0.6168455643677351
v 0.27956331115661853 0.5167281418528213 0.6804893217445422
v 0.2903178693382007 0.5266397324519834 0.7039469432429715
v 0.3952717250127278 0.5633844729057225 0.6403031858661643
v 0.2903178693382007 0.509048591437612 0.6937906932429715
v 0.3952717250127278 0.545793331891351 0.6301469358661642
vt 0.7265625 1
vt 0.7265625 0.5
vt 0.6015625 0.5
vt 0.6015625 1
vt 0.7265625 1
vt 0.7265625 0.5
vt 0.6015625 0.5
vt 0.6015625 1
vt 0.6015625 1
vt 0.7265625 1
vt 0.7265625 0.5
vt 0.6015625 0.5
vt 0.7265625 1
vt 0.7265625 0.5
vt 0.6015625 0.5
vt 0.6015625 1
vn -0.5735764363510466 0.4095760221444971 -0.7094064799162213
vn 0.5735764363510466 -0.4095760221444971 0.7094064799162213
vn 8.326672684688672e-17 0.8660254037844378 0.5000000000000016
vn -8.326672684688672e-17 -0.8660254037844378 -0.5000000000000016
usemtl m_386ca4f1-58b6-72ad-bfad-1068213d77f8
f 1043/2504/626 1044/2503/626 1042/2502/626 1041/2501/626
f 1047/2508/627 1048/2507/627 1046/2506/627 1045/2505/627
f 1046/2512/628 1041/2511/628 1042/2510/628 1045/2509/628
f 1047/2516/629 1044/2515/629 1043/2514/629 1048/2513/629
o output_cable1
v 0.6435904701056997 0.3482403317669869 0.4254437692692241
v 0.5411964645695757 0.31239180449504633 0.4875352398807433
v 0.6435904701056997 0.2670504501621958 0.37856876926922395
v 0.5411964645695757 0.23120192289025532 0.4406602398807432
v 0.7777967445643825 0.14344169536044132 0.7801654128461848
v 0.8801907501005064 0.17929022263238184 0.7180739422346655
v 0.7777967445643825 0.06225181375565028 0.7332904128461846
v 0.8801907501005064 0.0981003410275908 0.6711989422346654
vt 0.09375 0.984375
vt 0.09375 0.9765625
vt 0.0703125 0.9765625
vt 0.0703125 0.984375
vt 0 1
vt 0.015625 1
vt 0.015625 0.98828125
vt 0 0.98828125
vt 0.09375 0.984375
vt 0.09375 0.9765625
vt 0.0703125 0.9765625
vt 0.0703125 0.984375
vt 0.125 0.859375
vt 0.203125 0.859375
vt 0.203125 0.796875
vt 0.125 0.796875
vt 0.09375 0.9765625
vt 0.09375 0.96875
vt 0.0625 0.96875
vt 0.0625 0.9765625
vt 0.0625 0.984375
vt 0.0703125 0.984375
vt 0.0703125 0.9765625
vt 0.0625 0.9765625
vn -0.8191520442889915 -0.28678821817552425 0.496731764892154
vn -0.5735764363510466 0.4095760221444971 -0.7094064799162213
vn 0.8191520442889915 0.28678821817552425 -0.496731764892154
vn 0.5735764363510466 -0.4095760221444971 0.7094064799162213
vn 8.326672684688672e-17 0.8660254037844378 0.5000000000000016
vn -8.326672684688672e-17 -0.8660254037844378 -0.5000000000000016
usemtl m_386ca4f1-58b6-72ad-bfad-1068213d77f8
f 1052/2520/630 1055/2519/630 1053/2518/630 1050/2517/630
usemtl none
f 1051/2524/631 1052/2523/631 1050/2522/631 1049/2521/631
usemtl m_386ca4f1-58b6-72ad-bfad-1068213d77f8
f 1056/2528/632 1051/2527/632 1049/2526/632 1054/2525/632
f 1055/2532/633 1056/2531/633 1054/2530/633 1053/2529/633
f 1054/2536/634 1049/2535/634 1050/2534/634 1053/2533/634
f 1055/2540/635 1052/2539/635 1051/2538/635 1056/2537/635
o output_cable2
v 0.4408205882081426 0.3840676083703333 0.36338910589540463
v 0.5432145937442665 0.4199161356422738 0.3012976352838853
v 0.4408205882081426 0.30287772676554225 0.3165141058954045
v 0.5432145937442665 0.3387262540374828 0.2544226352838852
v 0.3066143137494597 0.5888662447768789 0.00866746231844387
v 0.20422030821333578 0.5530177175049383 0.07075893292996314
v 0.3066143137494597 0.5076763631720879 -0.03820753768155624
v 0.20422030821333578 0.4718278359001473 0.02388393292996302
vt 0.09375 0.984375
vt 0.09375 0.9765625
vt 0.0703125 0.9765625
vt 0.0703125 0.984375
vt 0 1
vt 0.015625 1
vt 0.015625 0.98828125
vt 0 0.98828125
vt 0.09375 0.984375
vt 0.09375 0.9765625
vt 0.0703125 0.9765625
vt 0.0703125 0.984375
vt 0.125 0.859375
vt 0.203125 0.859375
vt 0.203125 0.796875
vt 0.125 0.796875
vt 0.09375 0.9765625
vt 0.09375 0.96875
vt 0.0625 0.96875
vt 0.0625 0.9765625
vt 0.0625 0.984375
vt 0.0703125 0.984375
vt 0.0703125 0.9765625
vt 0.0625 0.9765625
vn 0.8191520442889916 0.28678821817552413 -0.4967317648921541
vn 0.5735764363510466 -0.409576022144497 0.7094064799162215
vn -0.8191520442889916 -0.28678821817552413 0.4967317648921541
vn -0.5735764363510466 0.409576022144497 -0.7094064799162215
vn 1.1102230246251563e-16 0.8660254037844379 0.5000000000000014
vn -1.1102230246251563e-16 -0.8660254037844379 -0.5000000000000014
usemtl m_386ca4f1-58b6-72ad-bfad-1068213d77f8
f 1060/2544/636 1063/2543/636 1061/2542/636 1058/2541/636
usemtl none
f 1059/2548/637 1060/2547/637 1058/2546/637 1057/2545/637
usemtl m_386ca4f1-58b6-72ad-bfad-1068213d77f8
f 1064/2552/638 1059/2551/638 1057/2550/638 1062/2549/638
f 1063/2556/639 1064/2555/639 1062/2554/639 1061/2553/639
f 1062/2560/640 1057/2559/640 1058/2558/640 1061/2557/640
f 1063/2564/641 1060/2563/641 1059/2562/641 1064/2561/641